Company Name,Company Name for Emails,# Employees,Website,Company City,Company State,Company Postal Code,Company Address,Company Phone,Apollo Record Id,NAICS Codes,Subsidiary of,Subsidiary of (Organization ID),Primary Intent Topic,Primary Intent Score,Secondary Intent Topic,Secondary Intent Score,Prerequisite: Determine Research Guidelines,Qualify Account,Prerequisite: Research Target Company
Global Alliance of Impact Lawyers (GAIL),Global Alliance of Impact Lawyers,54,http://www.gailnet.org,London,England,EC4R 1BE,"10 Queen Street Place, London, England, United Kingdom, EC4R 1BE",,63d105127f7c1f00a3ea0909,,,,,,,,,,
Court Enforcement Services,Court Enforcement Services,81,http://www.courtenforcementservices.co.uk,London,England,EC3R 8AF,"11 Monument Street, London, England, United Kingdom, EC3R 8AF",'+44 343 504 1607,63d105bbc16db900f907acfb,"54111, 561440",,,,,,,,,
Vantage Point,Vantage Point,81,http://www.vantagepointglobal.com,London,England,EC2R 7AE,"41 Lothbury, London, England, United Kingdom, EC2R 7AE",'+44 20 3709 5885,63e2218ec8a7c400dbd11294,54161,,,,,,,,,
Keltie,Keltie,140,http://www.keltie.comhttps,London,England,SE1 5,"London Bridge, London, England, United Kingdom, SE1 5",'+44 20 7329 8888,63e225ead2b08300a36c2cab,541110,,,,,,,,,
Bolt Burdon Kemp,Bolt Burdon Kemp,160,http://www.boltburdonkemp.co.uk,London,England,EC2Y,"London, England, United Kingdom, EC2Y",'+44 20 7288 4800,63e22ac5c04bb100dc29fda8,541110,,,,,,,,,
Bridging The Bar,Bridging The Bar,70,http://www.bridgingthebar.org,London,England,,"London, England, United Kingdom",,63f49b8fa2782500a3bbbc89,81321,,,,,,,,,
9BR International,9BR International,23,,London,England,WC1R 5EY,"South Square, London, England, United Kingdom, WC1R 5EY", 020 7489 2727,645e0a249f342b0001edc175,541110,,,,,,,,,
Fraser and Fraser,Fraser and Fraser,79,http://www.fraserandfraser.co.uk,London,England,EC1N 8EH,"39 Hatton Garden, London, England, United Kingdom, EC1N 8EH",'+44 20 7832 1400,645e0a33b2e6890001eed8d2,"54172, 541990, 561611",,,,,,,,,
Old Square Tax chambers,Old Square Tax chambers,23,http://www.taxchambers.com,London,England,WC2A 3UE,"15 Old Square, London, England, United Kingdom, WC2A 3UE",'+44 20 7242 2744,645e0a69f551b000016fa000,54111,Taxman Chambers Limited (taxmanchambers.com),637b81576b497600a302fb87,,,,,,,
Advantage Solicitors LTD,Advantage Solicitors,36,http://www.advantagesolicitors.com,London,England,N18 2,"273 Fore Street, London, England, United Kingdom, N18 2",'+44 20 8807 1676,645e0a7ed0f0c900013c73e1,54111,,,,,,,,,
Myers Fletcher & Gordon,Myers Fletcher & Gordon,24,http://www.mfglon.co.uk,London,England,W6 7NJ,"210 Shepherds Bush Road, London, England, United Kingdom, W6 7NJ",'+44 20 7610 4433,645e0a7ed0f0c900013c73e3,541110,,,,,,,,,
Stepien Lake LLP,Stepien Lake,23,http://www.stepienlake.co.uk,London,England,W1G,"43 Welbeck Street, London, England, United Kingdom, W1G",'+44 20 7467 3030,645e1f94742b4900f0b1748c,54111,,,,,,,,,
Legastat Ltd,Legastat,35,http://www.legastat.co.uk,London,England,WC2A 2JB,"57 Carey Street, London, England, United Kingdom, WC2A 2JB",'+44 20 7405 9178,65266bf85a97e90001e3408e,"54111, 541199",,,,,,,,,
Avantia Law,Avantia Law,130,http://www.avantialaw.com,London,England,EC3V 9AH,"21 Lombard Street, London, England, United Kingdom, EC3V 9AH",'+44 303 123 1113,65266f142f65530001148ca4,54111,,,,,,,,,
6KBW College Hill,6KBW College Hill,41,http://www.6kbw.com,London,England,EC4R 2RP,"21 College Hill, London, England, United Kingdom, EC4R 2RP",'+44 20 3301 0910,65266f142f65530001148cc1,541110,,,,,,,,,
The IDRC,The IDRC,27,http://www.idrc.co.uk,London,England,EC4M 7DX,"1 Paternoster Square, London, England, United Kingdom, EC4M 7DX",'+44 20 7936 7000,653f918cab32d00001d76a4b,"54111, 541199, 561920",,,,,,,,,
Culver Law Ltd,Culver Law,26,http://www.culverlaw.co.uk,London,,,"London, United Kingdom",'+44 20 3633 6226,653f963fe49abe00a301cc20,,,,,,,,,,
ip21 Ltd,ip21,24,http://www.ip21.com,London,England,SW18 2,"East Hill, London, England, United Kingdom, SW18 2",'+44 16 0345 7008,653f98150b44ba00a375443f,541110,,,,,,,,,
2 Harcourt Buildings,2 Harcourt Buildings,45,http://www.2hb.co.uk,London,,,"London, United Kingdom",'+44 20 7353 2112,653f9a54f28f4e0001313494,541110,,,,,,,,,
Imperium Chambers,Imperium Chambers,22,http://www.imperiumchambers.co.uk,London,England,,"London, England, United Kingdom",'+44 20 7242 3488,659bfe99a551830001b10a47,541110,,,,,,,,,
Blackwood Group,Blackwood Group,79,http://www.blackwoodgroup.com,London,England,EC3V 0AT,"6 Gracechurch Street, London, England, United Kingdom, EC3V 0AT",'+44 20 7220 0270,65d8bc3a96bb5f0001e7dcd6,"23621, 541612, 561312",,,,,,,,,
Lee Bolton Monier-Williams LLP,Lee Bolton Monier-Williams,78,http://www.lbmw.com,London,England,SW1P 3JT,"1 The Sanctuary, London, England, United Kingdom, SW1P 3JT",'+44 20 7222 5381,65e5cdb76fbb840007eba527,54111,,,,,,,,,
Centuro Global,Centuro Global,44,http://www.centuroglobal.com,London,England,E14 5EY,"25 Churchill Place, London, England, United Kingdom, E14 5EY",'+44 20 7458 4600,661cecb2a9c40a000737d53a,54161,,,,,,,,,
Capital Placement,Capital Placement,37,http://www.capital-placement.com,London,England,E1 5RY,"73 Coventry Road, London, England, United Kingdom, E1 5RY",'+44 20 3865 0982,661cecfad6457c000700393b,61131,,,,,,,,,
AVRillo Conveyancing,AVRillo Conveyancing,57,http://www.avrillo.co.uk,London,,,"London, United Kingdom",'+44 20 8372 2095,665db3c700ea9e000146f5f7,541110,,,,,,,,,
LMBC,LMBC,45,http://www.legalminutes.com,London,,,"London, United Kingdom",,668e80f8843c5e000196ab30,,,,,,,,,,
"Law&Trust - International legal services, Tax, Fintech, Intellectual, Licensing",Law&Trust,27,http://www.lawstrust.com,London,England,W1W 8AF,"6 Market Place, London, England, United Kingdom, W1W 8AF",'+44 20 3769 3394,668e81109715f80001d94514,541110,,,,,,,,,
PET PAVILION LIMITED,PET PAVILION,,,London,England,,"London, England, United Kingdom",,668e81119715f80001d94580,,,,,,,,,,
IXP Visas,IXP Visas,70,http://www.globalvisas.com,London,England,EC3R 5AT,"28 Great Tower Street, London, England, United Kingdom, EC3R 5AT",'+44442071903930,668e811a16a99300018961de,541199,,,,,,,,,
Exsus,Exsus,38,http://www.exsusglobal.com,London,England,SE1 8RT,"91 Waterloo Road, London, England, United Kingdom, SE1 8RT",'+44 20 7402 2223,668e811a16a99300018961f4,"541611, 561920, 541613",,,,,,,,,
Falcon Chambers,Falcon Chambers,64,http://www.falcon-chambers.com,London,England,SW14 7QB,"41 Observatory Road, London, England, United Kingdom, SW14 7QB",'+44 20 7353 2484,668e811a16a99300018961f8,541110,,,,,,,,,
CompuMark I Trademark Research and Protection,CompuMark I Trademark Research and Protection,3,,London,,,"London, United Kingdom",,668e81584447c70001bd2cb3,,,,,,,,,,
Ascheri Nelson LLP,Ascheri Nelson,27,http://www.ascherinelson.uk,London,,,"London, United Kingdom",,668e81584447c70001bd2d20,54111,,,,,,,,,
MK Law Solicitors,MK Law Solicitors,44,http://www.mk-law.co.uk,London,,,"London, United Kingdom",'+44 20 8692 2694,6791fe443a6bfd0001a50f08,541110,,,,,,,,,
GQ|Littler,GQ|Littler,49,http://www.littler.co.uk,London,,,"London, United Kingdom",'+44 20 3375 0330,6791fe443a6bfd0001a50f31,541110,Littler (littler.com),54a12a5169702da2207c0402,,,,,,,
OMNIA STRATEGY LLP,OMNIA STRATEGY,23,http://www.omniastrategy.com,London,,,"London, United Kingdom",'+44 20 3915 6006,6791fe443a6bfd0001a50f37,541110,,,,,,,,,
Lisa's Law Solicitors,Lisa's Law Solicitors,56,http://www.lisaslaw.co.uk,London,,,"London, United Kingdom",'+44 20 7928 0276,6791fe453a6bfd0001a50faa,541110,,,,,,,,,
5 Stone Buildings,5 Stone Buildings,42,http://www.5sblaw.com,London,,,"London, United Kingdom",'+44 20 7242 6201,6791fe453a6bfd0001a50fab,541110,,,,,,,,,
Hopkin Murray Beskine,Hopkin Murray Beskine,25,http://www.hmbsolicitors.co.uk,London,,,"London, United Kingdom",'+44 20 7272 1234,6791fe453a6bfd0001a50fb3,541110,,,,,,,,,
Hutchins & Co,Hutchins,31,http://www.hutchinslaw.co.uk,London,,,"London, United Kingdom",'+44 20 8986 3911,6791fe453a6bfd0001a50fbf,,,,,,,,,,
Powell Spencer and Partners,Powell Spencer and,36,http://www.psplaw.co.uk,London,,,"London, United Kingdom",'+44 20 7604 5600,6791fe6ead37a3000152307d,541110,,,,,,,,,
Harpers,Harpers,30,http://www.harperslegal.com,London,England,WC1X 8,"75 Gray's Inn Road, London, England, United Kingdom, WC1X 8",'+44 20 7405 8888,6791fe6ead37a3000152308a,,,,,,,,,,
Maurice Turnor Gardner LLP,Maurice Turnor Gardner,64,http://www.mauriceturnorgardner.com,London,England,EC2Y 9BH,"Milton Street, London, England, United Kingdom, EC2Y 9BH",'+44 20 7786 8711,687fa8136ef4650001c3682c,541110,,,,,,,,,
New Quadrant - Private Office,New Quadrant,29,http://www.newquadrantpartners.com,London,England,SW1Y 6AL,"25 Bury Street, London, England, United Kingdom, SW1Y 6AL",'+44 20 7430 7150,687fa8136ef4650001c36832,54111,,,,,,,,,
Edwards Duthie Shamash Solicitors,Edwards Duthie Shamash Solicitors,88,http://www.edwardsduthieshamash.co.uk,London,England,E15 4BQ,"37 Broadway, London, England, United Kingdom, E15 4BQ",'+44 20 7803 3999,687fa8146ef4650001c368c4,54111,,,,,,,,,
Hannaford Turner LLP,Hannaford Turner,24,http://www.hannafordturner.com,London,England,EC2V 6DN,"107 Cheapside, London, England, United Kingdom, EC2V 6DN",'+44 20 3693 9500,687fa8146ef4650001c368e3,541110,,,,,,,,,
Fenchurch Law,Fenchurch Law,35,http://www.fenchurchlaw.com,London,England,EC3M 7AW,"40 Lime Street, London, England, United Kingdom, EC3M 7AW",'+44 20 3058 3070,687fa8146ef4650001c368da,54111,,,,,,,,,
Kingsley Wood,Kingsley Wood,46,http://www.kingsley-wood.com,London,England,EC4V 5EQ,"69 Carter Lane, London, England, United Kingdom, EC4V 5EQ",'+44 20 3551 8042,687fa8146ef4650001c368d5,541110,AIIC Group (aiic-group.com),64180c487268350105e8cdb2,,,,,,,
Druces LLP,Druces,95,http://www.druces.com,London,England,EC2M 7AQ,"29 Finsbury Circus, London, England, United Kingdom, EC2M 7AQ",'+44 20 7638 9271,687fa839cf702a0001dc229f,54111,,,,,,,,,
Temple Bright LLP,Temple Bright,84,http://www.templebright.com,London,England,EC2A 3AY,"81 Rivington Street, London, England, United Kingdom, EC2A 3AY",'+44 117 325 2101,687fa8577a1d900001dcc465,541110,,,,,,,,,
Thomas More Chambers,Thomas More Chambers,72,http://www.thomasmore.co.uk,London,England,WC2A 3BP,"7 Lincoln's Inn Fields, London, England, United Kingdom, WC2A 3BP",'+44 20 7404 7000,687fa8577a1d900001dcc466,54111,,,,,,,,,
Grant Saw Solicitors LLP,Grant Saw Solicitors,68,http://www.grantsaw.com,London,England,SE3 0,"Tranquil Passage, London, England, United Kingdom, SE3 0",'+44 20 8858 6971,687fa8577a1d900001dcc46f,54111,,,,,,,,,
Huggins Lewis Foskett Solicitors,Huggins Lewis Foskett Solicitors,22,http://www.hugginslaw.co.uk,London,England,EC2M 4,"5 The Avenue, London, England, United Kingdom, EC2M 4",'+44 20 8989 3000,687fa8577a1d900001dcc46a,54111,,,,,,,,,
ebl miller rosenfalck,ebl miller rosenfalck,23,http://www.ebl-mr.com,London,England,EC1N 8SU,"27 Greville Street, London, England, United Kingdom, EC1N 8SU",'+44 20 7553 9930,687fa8577a1d900001dcc473,54111,,,,,,,,,
5 Essex Chambers,5 Essex Chambers,71,http://www.5essex.co.uk,London,England,WC1R 5EF,"3 Field Court, London, England, United Kingdom, WC1R 5EF",'+44 20 7410 2000,687fa8577a1d900001dcc474,541110,,,,,,,,,
Goldsmith Chambers,Goldsmith Chambers,84,http://www.goldsmithchambers.com,London,England,EC4Y 7BL,"Inner Temple Lane, London, England, United Kingdom, EC4Y 7BL",'+44 20 7353 6802,687fa8577a1d900001dcc50f,54111,,,,,,,,,
Ince & Co. Private Wealth,Ince & Co. Private Wealth,45,http://www.inceco.com,London,England,W1J 5,"21 Curzon Street, London, England, United Kingdom, W1J 5",'+44 20 7481 0010,687fa8577a1d900001dcc512,"541110, 523940",,,,,,,,,
11KBW,11KBW,85,http://www.11kbw.com,London,England,EC4Y 7EQ,"11 Kings Bench Walk, London, England, United Kingdom, EC4Y 7EQ",'+44 20 7632 8500,687fa8577a1d900001dcc510,541110,,,,,,,,,
Arc Pensions Law,Arc Pensions Law,28,http://www.arcpensionslaw.com,London,England,EC2R 5BJ,"80 Coleman Street, London, England, United Kingdom, EC2R 5BJ",'+44 20 7653 8970,687fa8577a1d900001dcc517,541110,,,,,,,,,
Aria Grace Law CIC,Aria Grace Law CIC,42,http://www.aria-grace.com,London,England,W1W 5PF,"167 Great Portland Street, London, England, United Kingdom, W1W 5PF",'+44 20 3737 6441,687fa8577a1d900001dcc501,541110,,,,,,,,,
1 Kings Bench Walk,1 Kings Bench Walk,81,http://www.1kbw.co.uk,London,England,EC4Y 7,"1 Kings Bench Walk, London, England, United Kingdom, EC4Y 7",'+44 20 7936 1500,687fa88164e3b00001964d43,541110,,,,,,,,,
Moss Fallon Solicitors Limited,Moss Fallon Solicitors,29,http://www.mossfallon.com,London,England,W1K 5EH,"84 Brook Street, London, England, United Kingdom, W1K 5EH",'+44 20 3709 7010,687fa88164e3b00001964d30,54111,,,,,,,,,
Levison Meltzer Pigott,Levison Meltzer Pigott,23,http://www.levisonmeltzerpigott.co.uk,London,England,EC4M 7BP,"8 Warwick Lane, London, England, United Kingdom, EC4M 7BP",'+44 20 7556 2400,687fa88164e3b00001964d48,541110,,,,,,,,,
Briffa - Intellectual Property Lawyers,Briffa,38,http://www.briffa.com,London,England,N1 0QH,"52 Upper Street, London, England, United Kingdom, N1 0QH",'+44 20 7288 6003,687fa88164e3b00001964d2c,54111,,,,,,,,,
Punter Southall Law,Punter Southall Law,23,http://www.puntersouthall.law,London,,,"London, United Kingdom",'+44 120 289 8347,687fa88164e3b00001964ddb,541110,Punter Southall (puntersouthall.com),5d09a755f65125714ef2948a,,,,,,,
RCJ Advice,RCJ Advice,27,http://www.rcjadvice.org.uk,London,England,EC4V 4EG,"174 Queen Victoria Street, London, England, United Kingdom, EC4V 4EG",'+44 344 488 9626,687fa8946066d10001f0f670,54111,,,,,,,,,
IGAL : International Group of Accountants and Lawyers,IGAL,21,http://www.igal-network.com,London,England,SE20 7YD,"19 Felmingham Road, London, England, United Kingdom, SE20 7YD",'+44 20 7383 3200,687fa8aecafe940001ecebe9,"54121, 81392",,,,,,,,,
Fox & Partners,Fox,27,http://www.foxlawyers.com,London,England,EC2N 2,"6 Throgmorton Avenue, London, England, United Kingdom, EC2N 2",'+44 780 721 7734,687fa8c62a959f000108ea3e,54111,,,,,,,,,
Moriarty Law,Moriarty Law,29,http://www.moriartylaw.co.uk,London,England,EC1A 7,"15 Old Bailey, London, England, United Kingdom, EC1A 7",'+44 20 3126 4548,687fa8f4d7236b00018ff523,54111,,,,,,,,,
Beverley Morris & Co.,Beverley Morris,25,http://www.beverleymorris.co.uk,London,England,SE3 0TJ,"35 Montpelier Vale, London, England, United Kingdom, SE3 0TJ",'+44 20 8852 4433,687fa8f4d7236b00018ff51d,54111,,,,,,,,,
Reprieve,Reprieve,60,http://www.reprieve.org,London,England,EC4R 1AG,"10 Queen Street Place, London, England, United Kingdom, EC4R 1AG",'+44 20 7553 8140,687fa8f4d7236b00018ff522,"54119, 813990, 541110",,,,,,,,,
Sterling Law,Sterling Law,81,http://www.sterling-law.co.uk,London,England,EC4V 6AL,"8 New Bridge Street, London, England, United Kingdom, EC4V 6AL",'+44 20 7822 8535,687fa8f5d7236b00018ff5a4,,,,,,,,,,
Eldwick Law,Eldwick Law,27,http://www.eldwicklaw.com,London,England,EC1N 8RU,"5 Hatton Place, London, England, United Kingdom, EC1N 8RU",'+44 20 3972 8469,687fa8f5d7236b00018ff5a1,541110,,,,,,,,,
Preston Turnbull LLP,Preston Turnbull,69,http://www.preston-turnbull.com,London,England,EC3N 4AT,"2 Seething Lane, London, England, United Kingdom, EC3N 4AT",'+44 20 7119 1551,687fa8f5d7236b00018ff59b,541110,,,,,,,,,
Founders Law,Founders Law,32,http://www.founders-law.co.uk,London,England,EC4Y 0HA,"1 Temple Avenue, London, England, United Kingdom, EC4Y 0HA",'+44 333 050 9794,687fa8f5d7236b00018ff59e,54111,,,,,,,,,
Arbor Law,Arbor Law,29,http://www.arbor.law,London,England,SW1Y 5ED,"116 Pall Mall, London, England, United Kingdom, SW1Y 5ED",'+44 20 7355 0540,687fa8f5d7236b00018ff5c4,541110,,,,,,,,,
ELSA Queen Mary,ELSA Queen Mary,22,http://www.elsa-uk.org,London,England,E1 4,"Mile End Road, London, England, United Kingdom, E1 4",'+385 1 4829 826,687fa8f5d7236b00018ff59d,71312,,,,,,,,,
Sunrise Solicitors,Sunrise Solicitors,31,http://www.sunrisesolicitors.co.uk,London,England,SW19 1AU,"228 Merton High Street, London, England, United Kingdom, SW19 1AU",'+44 20 8543 0999,687fa9071e8abc00010d5092,54111,,,,,,,,,
Assurety,Assurety,23,http://www.assuretytraining.com,London,England,EC4Y 1,"21 Fleet Street, London, England, United Kingdom, EC4Y 1",'+44 20 7101 0350,687fa9071e8abc00010d50a9,"611430, 541110",,,,,,,,,
SBP Law,SBP Law,36,http://www.sbplaw.co.uk,London,England,EC4V 5EF,"52 Carter Lane, London, England, United Kingdom, EC4V 5EF",'+44 20 7723 1656,687fa9071e8abc00010d508d,,,,,,,,,,
Oliver Fisher Solicitors,Oliver Fisher Solicitors,22,http://www.oliverfisher.co.uk,London,England,W11 3JQ,"33 Notting Hill Gate, London, England, United Kingdom, W11 3JQ",'+44 20 3219 0145,687fa9071e8abc00010d509c,541110,,,,,,,,,
Volterra Fietta,Volterra Fietta,29,http://www.volterrafietta.com,London,England,W1T 3JJ,"8 Mortimer Street, London, England, United Kingdom, W1T 3JJ",'+44 20 7380 3890,687fa9071e8abc00010d5090,54111,,,,,,,,,
LawtechUK,LawtechUK,28,http://www.lawtechuk.io,London,England,N1 7,"17 Wenlock Road, London, England, United Kingdom, N1 7",,687fa9071e8abc00010d511d,54111,,,,,,,,,
United Kingdom & Eire Malaysian Law Students' Union (KPUM),United Kingdom & Eire Malaysian Law Students' Union,93,http://www.kpum.org,London,England,SE5 7TD,"20 Rainbow Street, London, England, United Kingdom, SE5 7TD",'+44 70 6215 4478,687fa9071e8abc00010d513d,"81394, 813410, 611710",,,,,,,,,
Grant & Graham Ltd.,Grant & Graham,29,http://www.grant-graham.co.uk,London,England,W1W 5PF,"167 Great Portland Street, London, England, United Kingdom, W1W 5PF",'+44 20 3318 1032,687fa91db252230011348f11,"541611, 561312",,,,,,,,,
BIRCHAM DYSON BELL NOMINEES LIMITED,BIRCHAM DYSON BELL NOMINEES,47,,London,England,,"London, England, United Kingdom",,687fa91db252230011348f13,,,,,,,,,,
Bishop & Sewell LLP (Monro Wright and Wasbrough),Bishop & Sewell,100,http://www.bishopandsewell.co.uk,London,England,WC1B 4HP,"59 Russell Square, London, England, United Kingdom, WC1B 4HP",'+44 20 7631 4141,695be0f42871e400016c277a,541110,,,,,,,,,
Blackstone Chambers,Blackstone Chambers,96,http://www.blackstonechambers.com,London,England,EC4Y 9BW,"Temple, London, England, United Kingdom, EC4Y 9BW",'+44 20 7822 7322,6970b9b4711c840001d3f6be,541110,,,,,,,,,
Peters & Peters,Peters & Peters,110,http://www.petersandpeters.com,London,England,EC4A 1BW,"15 Fetter Lane, London, England, United Kingdom, EC4A 1BW",'+44 20 7822 7777,697353c6f91d0e0001f195bd,54111,,,,,,,,,
Charles Russell LLP,Charles Russell,130,,London,England,EC4M 7RA,"1 Fleet Place, London, England, United Kingdom, EC4M 7RA",'+44 20 7203 5000,697353c6f91d0e0001f195d4,,,,,,,,,,
Charities at Hunters Law,Charities at Hunters Law,,,London,England,WC2A 3QN,"9 New Square, London, England, United Kingdom, WC2A 3QN",,697353e8f91d0e0001f19bda,,,,,,,,,,
Lee & Thompson LLP,Lee & Thompson,120,http://www.leeandthompson.com,London,England,W1T 4DF,"80 Charlotte Street, London, England, United Kingdom, W1T 4DF",'+44 20 3073 7600,6977723118f44f0001df57c4,541110,,,,,,,,,
Rights of Women,Rights of Women,27,http://www.rightsofwomen.org.uk,London,England,EC1Y 8RT,"52 Featherstone Street, London, England, United Kingdom, EC1Y 8RT",'+44 20 7251 6575,6a425637b2a46200017662af,"813319, 541110",,,,,,,,,
Scissero,Scissero,45,http://www.scissero.com,London,England,E14 5,"1 Canada Square, London, England, United Kingdom, E14 5",'+44 20 3865 1787,6a425637b2a46200017662b0,"541110, 513210",,,,,,,,,
Hayward Moon,Hayward Moon,63,http://www.haywardmoon.co.uk,,England,IP1 1QJ,"159 Princes Street, England, United Kingdom, IP1 1QJ",'+44 147 323 4730,6a425637b2a46200017662b5,"53121, 541110",,,,,,,,,
SuLe,SuLe,22,http://www.sule.io,London,England,,"London, England, United Kingdom",,6a425637b2a46200017662c1,54111,,,,,,,,,
Joint Council for the Welfare of Immigrants,Joint Council for the Welfare of Immigrants,24,http://www.jcwi.org.uk,London,England,N7 9BG,"London, England, United Kingdom, N7 9BG",'+44 20 7251 8708,6a425637b2a46200017662ce,"54119, 813410, 541110",,,,,,,,,
Fusion Consulting Group,Fusion Consulting Group,62,http://www.fcg.co.uk,London,England,N3 3HU,"2 Regents Park Road, London, England, United Kingdom, N3 3HU",'+44 20 3841 7010,6a425637b2a46200017662d3,"541211, 541110, 541611",,,,,,,,,
Laura Devine Immigration,Laura Devine Immigration,59,http://www.lauradevine.com,London,England,EC4N 6,"100 Cannon Street, London, England, United Kingdom, EC4N 6",'+44 20 7469 6460,63be9f9ba5a2b300a3f26502,541110,,,,,,,,,
Reddie & Grose Patent and Trade Mark Attorneys,Reddie & Grose Patent and Trade Mark Attorneys,190,http://www.reddie.co.uk,London,England,E1 7,"10 Whitechapel High Street, London, England, United Kingdom, E1 7",'+44 20 7242 0901,63be9fa46801aa00e526c64e,54133,,,,,,,,,
The Legal Director,The Legal Director,62,http://www.thelegaldirector.co.uk,London,England,EC2V 6,"107 Cheapside, London, England, United Kingdom, EC2V 6",'+44 20 3053 8613,63be9f8ab7fb6f00a37e58ab,541110,,,,,,,,,
Arnold & Siedsma,Arnold & Siedsma,170,http://www.arnold-siedsma.nl,London,England,EC2M 5TR,"57 London Wall, London, England, United Kingdom, EC2M 5TR",'+31 70 365 4833,63d107d7f2b46200a3d99ac1,541110,,,,,,,,,
Peerpoint,Peerpoint,180,http://www.peerpoint.com,London,England,E1 6,"1 Bishops Square, London, England, United Kingdom, E1 6",'+44 20 3088 4109,63f49aa8a2782500a3bbb595,"54111, 561311",Allen & Overy (aoshearman.com),6181ac3c4816fc00a4966d87,,,,,,,
3 Bolt Court Chambers,3 Bolt Court Chambers,24,http://www.3boltcourt.com,London,England,EC4A 3DQ,"3 Bolt Court, London, England, United Kingdom, EC4A 3DQ",'+44 88 8123 4567,645e070bea01160001bba881,541110,,,,,,,,,
Sharpe Pritchard Solicitors & Parliamentary Agents,Sharpe Pritchard Solicitors & Parliamentary Agents,120,http://www.sharpepritchard.co.uk,London,England,WC1X 0,"16 Elm Street, London, England, United Kingdom, WC1X 0",'+44 20 7405 4600,645e0a0dfac35600014d678a,54111,,,,,,,,,
Branch Austin McCormick LLP,Branch Austin McCormick,44,http://www.branchaustinmccormick.com,London,England,SW1A 1HD,"32 St James's Street, London, England, United Kingdom, SW1A 1HD",'+44 20 7851 0100,645e0a497dcbd6000128d4b8,541110,,,,,,,,,
Solomonic,Solomonic,61,http://www.solomonic.co.uk,London,England,EC1N 7,"Holborn, London, England, United Kingdom, EC1N 7",'+44 20 7205 2924,652658a05bf3bb000177f2d5,,,,,,,,,,
Wilton & Bain,Wilton & Bain,86,http://www.wilton-bain.com,London,England,EC3A 8FR,"50 St Mary Axe, London, England, United Kingdom, EC3A 8FR",'+44 20 7621 3570,6526742cd9db0d0001d4599e,561311,,,,,,,,,
North Kensington Law Centre,North Kensington Law Centre,21,http://www.nklc.org.uk,London,England,W11 4,"Whitchurch Road, London, England, United Kingdom, W11 4",020 8969 7473,653f934321729e00011a7be0,"541110, 813410",,,,,,,,,
Keith Carter & Associates,Keith Carter & Associates,22,http://www.keithcarter.co.uk,London,,,"London, United Kingdom",'+44 1258 480822,65dc73a84b09210001bade87,"54169, 541612, 541720",,,,,,,,,
Slingsby Partners LLP,Slingsby,51,http://www.slingsbypartners.com,London,England,SW14 7,"1 Kingsway, London, England, United Kingdom, SW14 7",'+44 20 7420 3900,65e1d3e62aa21d00019d5c8e,541110,,,,,,,,,
Harrison Associates,Harrison Associates,120,http://www.harrison.associates,London,England,UB6 7JD,"14-16 Wadsworth Road, London, England, United Kingdom, UB6 7JD",'+44 20 8998 2992,65f06e99e4abe801c603dadd,"62139, 62199",,,,,,,,,
Peacock & Co Solicitors,Peacock & Co Solicitors,32,http://www.peacock-law.co.uk,London,England,SE20 7EZ,"94 High Street, London, England, United Kingdom, SE20 7EZ",'+44 20 8944 5290,66191e1d7dab340001234e75,541110,,,,,,,,,
Erskine Chambers,Erskine Chambers,41,http://www.erskinechambers.com,London,,,"London, United Kingdom",'+44 20 7242 5532,66191e6fb6f5410001d2dad7,541110,,,,,,,,,
British Medical Experts,British Medical Experts,130,http://www.britishmedicalexperts.com,London,,,"London, United Kingdom",'+44 20 3026 5648,665db3e2988214000166b688,541199,,,,,,,,,
MSP Organisation,MSP Organisation,,http://www.msporganisation.co.uk,London,England,W1W 8,"28 Eastcastle Street, London, England, United Kingdom, W1W 8",'+44 125 273 3683,668e80d843a41b0001089cea,,,,,,,,,,
Field Court Chambers,Field Court Chambers,63,http://www.fieldcourt.co.uk,London,England,WC1R 5EF,"3 Field Court, London, England, United Kingdom, WC1R 5EF",'+44 20 7405 6114,668e80d843a41b0001089cef,54111,,,,,,,,,
MFB Superyacht Lawyers,MFB Superyacht Lawyers,50,,London,England,EC4R 3,"Fishmongers Hall Wharf, London, England, United Kingdom, EC4R 3",,668e80f8843c5e000196ab1e,,,,,,,,,,
Stephens,Stephens,53,http://www.stephens.law,London,,,"London, United Kingdom",'+44 20 7930 2500,668e81109715f80001d94505,54111,,,,,,,,,
Page Group Ltd,Page Group,29,http://www.pagegroupltd.com,London,England,WC2B 5,"41 Parker Street, London, England, United Kingdom, WC2B 5",'+44 20 7930 9200,668e81109715f80001d94520,54169,,,,,,,,,
City Community Legal Advice Centre (CityCLAC),City Community Legal Advice Centre,84,http://www.instantimpress.fun,London,,,"London, United Kingdom",,668e81119715f80001d94561,,,,,,,,,,
QredibleUK,QredibleUK,1,http://www.qredible.co.uk,London,England,WC2B 6NH,"125 Kingsway, London, England, United Kingdom, WC2B 6NH",'+44 20 3641 3408,668e81119715f80001d94567,54111,,,,,,,,,
Lawgality | You Deserve the Right to Free Legal Aid,Lawgality,50,http://www.lawgality.com,London,,,"London, United Kingdom",,668e81119715f80001d94568,,,,,,,,,,
South West London Law Centres,South West London Law Centres,84,http://www.swllc.org,London,England,SW11 1DA,"125 Bolingbroke Grove, London, England, United Kingdom, SW11 1DA",'+44 20 8767 2777,668e811a16a99300018961df,54111,,,,,,,,,
CreateiQ,CreateiQ,17,http://www.createiq.tech,London,England,EC2Y 8,"Silk Street, London, England, United Kingdom, EC2Y 8",'+44 20 7456 2554,668e811a16a99300018961f6,"54151, 51321",,,,,,,,,
Martello Expert Services,Martello Expert Services,35,http://www.martelloglobal.com,London,England,EC2N 2AT,"29 Throgmorton Street, London, England, United Kingdom, EC2N 2AT",'+44 20 3405 9610,67502d866e6c9d000162d724,"54169, 541199",,,,,,,,,
Venters Solicitors,Venters Solicitors,19,http://www.venters.co.uk,London,,,"London, United Kingdom",'+44 20 7277 0110,6791fe443a6bfd0001a50f15,54111,,,,,,,,,
Gherson LLP,Gherson,72,http://www.gherson.com,London,,,"London, United Kingdom",'+44 20 7724 4488,6791fe443a6bfd0001a50f28,541110,,,,,,,,,
4BB Chambers,4BB Chambers,63,http://www.4bb.co.uk,London,,,"London, United Kingdom",'+44 20 7092 1900,6791fe443a6bfd0001a50f34,541110,,,,,,,,,
Nucleus Legal Advice Centre,Nucleus Legal Advice Centre,57,http://www.nucleus.org.uk,London,,,"London, United Kingdom",'+44 20 7373 4005,6791fe453a6bfd0001a50fa4,81331,,,,,,,,,
Milberg London LLP,Milberg London,48,http://www.milberg.co.uk,London,,,"London, United Kingdom",'+44 20 3987 4980,6791fe453a6bfd0001a50fac,541110,,,,,,,,,
Cavendish Legal Group,Cavendish Legal Group,67,http://www.clglaw.co.uk,London,,,"London, United Kingdom",'+44 20 3962 7777,6791fe453a6bfd0001a50fbe,541110,,,,,,,,,
Liberty Solicitors,Liberty Solicitors,30,http://www.libertysolicitors.co.uk,London,England,,"London, England, United Kingdom",'+44 20 7377 6804,6791fe6ead37a3000152306c,,,,,,,,,,
PET PAVILION LIMITED,PET PAVILION,21,,London,England,,"London, England, United Kingdom",,6791fe6ead37a30001523074,,,,,,,,,,
RadcliffesLeBrasseur LLP,RadcliffesLeBrasseur,51,http://www.rlb-law.com,London,England,EC4Y 1AE,"85 Fleet Street, London, England, United Kingdom, EC4Y 1AE",'+44 345 073 9900,687fa8136ef4650001c36812,541110,,,,,,,,,
Quillon Law,Quillon Law,23,http://www.quillonlaw.com,London,England,EC4A 3BT,"3 New Street Square, London, England, United Kingdom, EC4A 3BT",'+44 20 3840 4370,687fa8146ef4650001c368e5,541110,,,,,,,,,
MFB Solicitors,MFB Solicitors,62,http://www.m-f-b.co.uk,London,England,EC4R 3,"Fishmongers Hall Wharf, London, England, United Kingdom, EC4R 3",'+44 20 7330 8000,687fa839cf702a0001dc2289,541110,,,,,,,,,
Cornerstone Barristers,Cornerstone Barristers,75,http://www.cornerstonebarristers.com,London,England,WC1R 5JH,"2 Gray's Inn Square, London, England, United Kingdom, WC1R 5JH",020 7421 1808,687fa839cf702a0001dc22a3,54111,,,,,,,,,
Ingram Winter Green LLP,Ingram Winter Green,42,http://www.iwg.co.uk,London,England,WC1N 2BF,"21a John Street, London, England, United Kingdom, WC1N 2BF",'+44 20 7845 7400,687fa839cf702a0001dc227b,54111,,,,,,,,,
Grosvenor Law,Grosvenor Law,28,http://www.grosvenorlaw.com,London,England,W1K 4QP,"27 Grosvenor Street, London, England, United Kingdom, W1K 4QP",'+44 20 3189 4200,687fa83acf702a0001dc2343,541110,,,,,,,,,
Serjeants'​ Inn Chambers,Serjeants'​ Inn Chambers,110,http://www.serjeantsinn.com,London,England,EC4Y 1AE,"85 Fleet Street, London, England, United Kingdom, EC4Y 1AE",'+44 20 7427 5000,687fa8577a1d900001dcc471,54111,,,,,,,,,
Pallas Partners LLP,Pallas,70,http://www.pallasllp.com,London,England,EC2M 3,"110 Bishopsgate, London, England, United Kingdom, EC2M 3",'+44 20 4574 1000,687fa8577a1d900001dcc516,54111,,,,,,,,,
McCarthy Denning,McCarthy Denning,74,http://www.mccarthydenning.com,London,England,EC3R 7NQ,"70 Mark Lane, London, England, United Kingdom, EC3R 7NQ",'+44 20 7769 6741,687fa88164e3b00001964d39,541110,,,,,,,,,
Boulter and Co LLP Solicitors,Boulter and Co LLP Solicitors,21,http://www.boulterandco.com,London,England,N8 8TE,"11 Park Road, London, England, United Kingdom, N8 8TE",'+44 20 8341 7301,687fa8946066d10001f0f674,,,,,,,,,,
Sphere Legal Limited,Sphere Legal,22,http://www.spherelegal.com,London,,W6,"174 Hammersmith Road, London, United Kingdom, W6",'+44 78 0112 0845,687fa8946066d10001f0f6e8,541110,,,,,,,,,
SLDP,SLDP,22,http://www.sldp.ngo,London,England,EC4A 1JQ,"30 Furnival Street, London, England, United Kingdom, EC4A 1JQ",,687fa8c62a959f000108ea27,"813311, 541199",,,,,,,,,
Harcourt - Family Law,Harcourt,57,http://www.harcourtchambers.co.uk,London,England,EC4Y 7,"Harcourt Buildings, London, England, United Kingdom, EC4Y 7",2078964520,687fa8f4d7236b00018ff511,541110,,,,,,,,,
Novo Executive Search,Novo Executive Search,45,http://www.novoexec.com,London,England,WC1H 0HT,"17 Upper Woburn Place, London, England, United Kingdom, WC1H 0HT",'+44 844 241 2064,687fa8f4d7236b00018ff506,54161,,,,,,,,,
33 Chancery Lane,33 Chancery Lane,43,http://www.33knowledge.com,London,England,WC2A 1EN,"33 Chancery Lane, London, England, United Kingdom, WC2A 1EN",'+44 20 7440 9950,687fa8f4d7236b00018ff526,541110,,,,,,,,,
Patron Law,Patron Law,40,http://www.patronlaw.co.uk,London,England,W11 4QG,"2A Norland Place, London, England, United Kingdom, W11 4QG",'+44 20 3841 7470,687fa8f4d7236b00018ff52f,541110,,,,,,,,,
Valere Capital Partners LLP,Valere Capital,22,http://www.valere-capital.com,London,England,EC2N 2HE,"13 Austin Friars, London, England, United Kingdom, EC2N 2HE",'+44 20 8354 7657,687fa8f4d7236b00018ff508,54169,,,,,,,,,
PCB LAWYERS LLP,PCB LAWYERS,22,http://www.pcblawyers.com,London,England,W1U 7DL,"70 Baker Street, London, England, United Kingdom, W1U 7DL",'+44 20 7299 9261,687fa8f4d7236b00018ff532,541110,,,,,,,,,
3TG Barristers,3TG Barristers,54,http://www.3tg.co.uk,London,England,EC4N 4TQ,"3 Queen Victoria Street, London, England, United Kingdom, EC4N 4TQ",,687fa8f5d7236b00018ff5b4,541110,,,,,,,,,
"QEB (Queen Elizabeth Building), Chambers of Katie Cowton KC & James Ewins KC.",QEB Chambers of Katie Cowton KC & James Ewins KC,43,http://www.qeb.co.uk,London,England,EC4Y 7,"Temple, London, England, United Kingdom, EC4Y 7",'+44 20 7797 7837,687fa9071e8abc00010d50a4,54111,,,,,,,,,
Artington Legal | B Corp,Artington Legal,18,http://www.artington.com,London,England,SW1Y 5EA,"120 Pall Mall, London, England, United Kingdom, SW1Y 5EA",'+44 20 3740 2360,687fa9071e8abc00010d509b,541110,,,,,,,,,
Legal Nodes,Legal Nodes,33,http://www.legalnodes.com,London,England,WC1E 6HA,"3 Gower Street, London, England, United Kingdom, WC1E 6HA",,687fa9071e8abc00010d5138,"54119, 541110, 513210",,,,,,,,,
Settlement Agreement Solicitors,Settlement Agreement Solicitors,25,http://www.settlementagreement.com,London,England,SW1V 1LP,"84 Eccleston Square, London, England, United Kingdom, SW1V 1LP",'+44 800 368 6162,687fa9071e8abc00010d5142,541110,,,,,,,,,
Morgan Sports Law,Morgan Sports Law,23,http://www.morgansl.com,London,England,NW4 3,"3 Riverside, London, England, United Kingdom, NW4 3",'+44 20 7061 6264,687fa9071e8abc00010d514a,54111,,,,,,,,,
DavidsonMorris,DavidsonMorris,22,http://www.davidsonmorris.com,London,England,EC3V 4AB,"122 Leadenhall Street, London, England, United Kingdom, EC3V 4AB",'+44 20 7494 0118,687fa9071e8abc00010d514d,"541110, 541612",,,,,,,,,
TLB,TLB,60,http://www.tlb.law,London,England,EC1Y 1AA,"25 City Road, London, England, United Kingdom, EC1Y 1AA",'+44 745 090 5912,687fa91db252230011348f0f,"541110, 541611",,,,,,,,,
Anthony Gold Solicitors,Anthony Gold Solicitors,160,http://www.anthonygold.co.uk,London,England,SE1 9,"25 London Bridge Street, London, England, United Kingdom, SE1 9",'+44 20 7940 4000,697353c6f91d0e0001f195bc,541110,,,,,,,,,
Gatehouse Chambers,Gatehouse Chambers,170,http://www.gatehouselaw.co.uk,London,England,WC1X 8,"1 Gray's Inn Road, London, England, United Kingdom, WC1X 8",'+44 20 7242 2523,697353c6f91d0e0001f195be,54111,,,,,,,,,
The Bar Council of England and Wales,The Bar Council of England and Wales,150,http://www.barcouncil.org.uk,London,England,WC1V 7HZ,"289 High Holborn, London, England, United Kingdom, WC1V 7HZ",'+44 20 7242 0082,697353e8f91d0e0001f19bdb,54111,,,,,,,,,
Techspert,Techspert,80,http://www.techspert.com,London,England,W1C 2BU,"399 Oxford Street, London, England, United Kingdom, W1C 2BU",'+44 12 2332 0560,6977723118f44f0001df57cf,54169,,,,,,,,,
Aequitas Global,Aequitas Global,28,http://www.aeqglobal.com,London,England,WC2R 1,"Strand, London, England, United Kingdom, WC2R 1",'+44 20 7759 1140,6a425637b2a46200017662c4,"541820, 541611",,,,,,,,,
012 Global Ltd,012 Global,22,http://www.012-global.com,London,England,SE10 8JA,"159 Greenwich High Road, London, England, United Kingdom, SE10 8JA",'+44 775 198 8885,6a425637b2a46200017662ca,"61131, 611710, 541211, 541110",,,,,,,,,
Boult Wade Tennant,Boult Wade Tennant,200,http://www.boult.com,London,England,EC4Y 8AP,"8 Salisbury Square, London, England, United Kingdom, EC4Y 8AP",'+44 20 7430 7500,63be9f9db30a4300a31b235c,541110,,,,,,,,,
Just for Kids Law,Just for Kids Law,30,http://www.justforkidslaw.org,London,England,N1 3,"426 Essex Road, London, England, United Kingdom, N1 3",'+44 20 3174 2279,63be9f9ab7fb6f00a37e58e1,54111,,,,,,,,,
Axiom DWFM,Axiom DWFM,71,http://www.axiomdwfm.com,London,England,W1J 8DJ,"Berkeley Street, London, England, United Kingdom, W1J 8DJ",'+44 20 7636 6969,63beb3fff7c7a1015382e2ec,,The Ince Group plc (theincegroup.com),5b853b61324d447897a676a5,,,,,,,
F-LEX,F-LEX,,,London,England,,"London, England, United Kingdom",,63f49b7ba2782500dbba9cd3,,,,,,,,,,
Church Court Chambers,Church Court Chambers,58,http://www.churchcourtchambers.co.uk,London,England,WC2A 1,"21 Southampton Buildings, London, England, United Kingdom, WC2A 1",'+44 20 7936 3637,645e07649249960001c91c73,54111,,,,,,,,,
Millennium Chambers - The Barrister Network,Millennium Chambers,31,http://www.millenniumchambers.com,London,England,,"London, England, United Kingdom",'+44 20 3179 2023,645e07907021970001fff44b,54111,,,,,,,,,
XYZ Law,XYZ Law,71,http://www.xyz.law,London,England,WC1N 3AF,"27 Old Gloucester Street, London, England, United Kingdom, WC1N 3AF",'+44 333 358 8777,645e0a030f23dd00011a6ab3,541110,,,,,,,,,
G3,G3,320,http://www.g3.co,London,England,W1U 7DW,"40 George Street, London, England, United Kingdom, W1U 7DW",'+44 20 7467 2040,652666f8727d2200011223a9,54169,,,,,,,,,
Millnet,Millnet,56,http://www.millnet.co.uk,London,England,E1W 2DA,"11 Wapping Lane, London, England, United Kingdom, E1W 2DA",'+44 20 7422 8850,652671e44bf123000133154a,"323111, 561439",,,,,,,,,
Dragon Argent,Dragon Argent,25,http://www.dragonargent.com,London,England,SE1 3XF,"63 Bermondsey Street, London, England, United Kingdom, SE1 3XF",'+44 20 7686 0000,65267dd29ce8b10001a60bbc,54161,,,,,,,,,
Amphlett Lissimore Solicitors,Amphlett Lissimore Solicitors,63,http://www.allaw.co.uk,London,England,SE19 3,"80 Westow Street, London, England, United Kingdom, SE19 3",'+44 808 278 1398,65e5cda3e8b64f0007e0e005,541110,,,,,,,,,
PET PAVILION LIMITED,PET PAVILION,,,London,England,,"London, England, United Kingdom",,65e9894894e9280007d86ee1,,,,,,,,,,
Ince & Co.,Ince,88,http://www.incegd.com,London,England,E1 7,"Leman Street, London, England, United Kingdom, E1 7",'+44 20 7481 0010,661ceccc5812600007199b95,541110,Gordon Dadds Group Solicitors (gordondadds.com),5ed56e5c077b590001bff18b,,,,,,,
MEUM Group,MEUM Group,25,http://www.meum.group,London,England,,"London, England, United Kingdom",'+44 20 3907 4017,661e328bcc44560007828cad,"541110, 523940",,,,,,,,,
LANE IP LIMITED,LANE IP,42,http://www.laneip.com,London,England,EC2N 2DG,"2 Throgmorton Avenue, London, England, United Kingdom, EC2N 2DG",'+44 20 3714 9490,665db33bd160220001871f55,54111,,,,,,,,,
Prosperity Law LLP,Prosperity Law,57,http://www.prosperitylaw.com,London,England,M3 3HF,"Hardman Street, London, England, United Kingdom, M3 3HF",'+44 161 667 3686,668e80d843a41b0001089cf2,54111,,,,,,,,,
Three Raymond Buildings,Three Raymond Buildings,67,http://www.3rblaw.com,London,,,"London, United Kingdom",'+44 20 7400 6400,668e80d843a41b0001089cf5,54111,,,,,,,,,
New Court Chambers,New Court Chambers,60,http://www.newcourtchambers.com,London,England,EC4Y 9,"London, England, United Kingdom, EC4Y 9", 020 7583 5123,668e80d843a41b0001089d03,54111,,,,,,,,,
Thomas Cooper LLP,Thomas Cooper,,,London,,,"London, United Kingdom",'+44 20 7481 8851,668e80d943a41b0001089d5b,,,,,,,,,,
REVENUE CONSULTING LTD,REVENUE CONSULTING,41,,London,England,,"London, England, United Kingdom",,668e81109715f80001d94526,,,,,,,,,,
Combar - The Commercial Bar Association,Combar,,,London,England,WC2R 1BA,"222 Strand, London, England, United Kingdom, WC2R 1BA",'+44 20 7427 4932,668e81119715f80001d9457a,,,,,,,,,,
Diligence,Diligence,67,http://www.diligence.com,London,England,E14 5AA,"1 Canada Square, London, England, United Kingdom, E14 5AA",'+44 20 7516 0007,668e811a16a99300018961f5,,,,,,,,,,
Trama,Trama,56,http://www.tramatm.com,London,England,E15 4QA,"90 Paul Street, London, England, United Kingdom, E15 4QA",'+421 2/334 565 74,668e811a16a99300018961fa,541110,,,,,,,,,
QEB Hollis Whiteman,QEB Hollis Whiteman,92,http://www.qebholliswhiteman.co.uk,London,,,"London, United Kingdom",'+44 20 7933 8855,6791fe443a6bfd0001a50f1b,541110,,,,,,,,,
Sonn Macmillan Walker,Sonn Macmillan Walker,34,http://www.sonnmacmillanwalker.co.uk,London,,,"London, United Kingdom",'+44 20 3371 7354,6791fe443a6bfd0001a50f1d,541110,,,,,,,,,
Davitt Jones Bould (DJB),Davitt Jones Bould,95,http://www.djblaw.co.uk,London,,,"London, United Kingdom",'+44 182 327 9279,6791fe443a6bfd0001a50f2b,54111,,,,,,,,,
Thomas Mansfield Solicitors,Thomas Mansfield Solicitors,44,http://www.tmemploymentlaw.co.uk,London,,,"London, United Kingdom",'+44 20 7426 4900,6791fe443a6bfd0001a50f2e,541110,,,,,,,,,
3DJB,3DJB,30,http://www.3djb.co.uk,London,,,"London, United Kingdom",'+44 20 7353 4854,6791fe443a6bfd0001a50f2f,54111,,,,,,,,,
Refugee Law Clinic,Refugee Law Clinic,37,http://rli.sas.ac.uk/projects/refugee-law-clinic,London,,,"London, United Kingdom",,6791fe453a6bfd0001a50fb2,"541110, 611310",,,,,,,,,
"Mintz, Levin, Cohn, Ferris, Glovsky and Popeo, P.C.",Mintz Levin Cohn Ferris Glovsky and Popeo P.C,92,,London,England,,"London, England, United Kingdom",'+1 212-692-6726,6791fe453a6bfd0001a50fbc,,,,,,,,,,
Spector Constant & Williams,Spector Constant & Williams,63,http://www.scwlegal.co.uk,London,,,"London, United Kingdom",'+44 20 7269 5120,6791fe453a6bfd0001a50fcd,54111,,,,,,,,,
Slater Gordon Solutions,Slater Gordon Solutions,97,http://www.slatergordonsolutions.co.uk,London,,,"London, United Kingdom",'+44 330 107 5052,6791fe453a6bfd0001a50fcf,,,,,,,,,,
Solicitors' Inn,Solicitors' Inn,30,http://www.solicitorsinn.co.uk,London,,,"London, United Kingdom",'+44 20 3500 8000,6791fe6ead37a3000152306d,54111,,,,,,,,,
Bates Solicitors,Bates Solicitors,26,http://www.batessolicitors.co.uk,London,,,"London, United Kingdom",,6791fe6ead37a30001523087,54111,,,,,,,,,
2TG (2 Temple Gardens),2TG,71,http://www.2tg.co.uk,London,England,EC4Y 9AY,"2 Temple Gardens, London, England, United Kingdom, EC4Y 9AY",'+44 20 7822 1200,687fa8136ef4650001c36819,54111,,,,,,,,,
Carter-Ruck,Carter-Ruck,41,http://www.carter-ruck.com,London,England,EC4A 1,"90 Fetter Lane, London, England, United Kingdom, EC4A 1",'+44 20 7353 5005,687fa8136ef4650001c3682d,54111,,,,,,,,,
Canfields Law Limited,Canfields Law,24,http://www.canfieldslaw.co.uk,London,England,W1W 6AB,"3 Bolsover Street, London, England, United Kingdom, W1W 6AB",'+44 20 3322 3526,687fa8146ef4650001c368c2,541110,,,,,,,,,
Rosling King LLP,Rosling King,33,http://www.rkllp.com,London,England,EC4M 7JW,"55 Ludgate Hill, London, England, United Kingdom, EC4M 7JW",,687fa8146ef4650001c368c6,541110,,,,,,,,,
Glovers,Glovers,71,http://www.glovers.co.uk,London,England,WC2E 9BA,"16 Garrick Street, London, England, United Kingdom, WC2E 9BA",'+44 20 7935 8882,687fa839cf702a0001dc229e,54111,,,,,,,,,
"Cooke, Young & Keidan LLP",Cooke Young & Keidan,39,http://www.cyklaw.com,London,England,EC4N 6AS,"120 Cannon Street, London, England, United Kingdom, EC4N 6AS",'+44 20 7148 7800,687fa839cf702a0001dc2278,"541110, 541199",,,,,,,,,
Harold Benjamin,Harold Benjamin,98,http://www.haroldbenjamin.com,London,England,SE21 7LY,"66 College Road, London, England, United Kingdom, SE21 7LY",'+44 20 8422 5678,687fa839cf702a0001dc2282,541110,,,,,,,,,
XXIV Old Buildings,XXIV Old Buildings,67,http://www.xxiv.co.uk,London,England,WC2A 3UT,"24 Old Buildings, London, England, United Kingdom, WC2A 3UT",'+44 20 7691 2424,687fa839cf702a0001dc22a1,541110,,,,,,,,,
Furnival Chambers,Furnival Chambers,82,http://www.furnivalchambers.co.uk,London,England,EC4A 1LB,"16 Took's Court, London, England, United Kingdom, EC4A 1LB",'+44 20 7405 3232,687fa83acf702a0001dc231c,54111,,,,,,,,,
Doyle Clayton,Doyle Clayton,90,http://www.doyleclayton.co.uk,London,England,EC2V 6,"London, England, United Kingdom, EC2V 6",'+44 20 7329 9090,687fa83acf702a0001dc2340,54111,,,,,,,,,
Onside Law,Onside Law,46,http://www.onsidelaw.co.uk,London,England,SW6 2DU,"642a Kings Road, London, England, United Kingdom, SW6 2DU",'+44 20 7384 6920,687fa8577a1d900001dcc47e,54111,,,,,,,,,
One Pump Court Chambers,One Pump Court Chambers,87,http://www.onepumpcourt.co.uk,London,England,EC4Y 7AB,"1 Pump Court, London, England, United Kingdom, EC4Y 7AB",'+44 20 7842 7070,687fa8577a1d900001dcc47d,541110,,,,,,,,,
Hogarth Chambers,Hogarth Chambers,40,http://www.hogarthchambers.com,London,England,WC2A 3RJ,"5 New Square, London, England, United Kingdom, WC2A 3RJ",'+44 20 7404 0404,687fa8577a1d900001dcc476,"541110, 541199",,,,,,,,,
Collins Benson Goldhill LLP,Collins Benson Goldhill,31,http://www.cbglaw.co.uk,London,England,W1W 8QT,"26 Great Portland Street, London, England, United Kingdom, W1W 8QT",'+44 20 7436 5151,687fa8577a1d900001dcc477,54111,,,,,,,,,
"2BR, The Chambers of Brian Altman KC and Christine Agnew KC",2BR The Chambers of Brian Altman KC and Christine Agnew KC,78,http://www.2bedfordrow.co.uk,London,England,WC1R 4BU,"2 Bedford Row, London, England, United Kingdom, WC1R 4BU",'+44 20 7440 8888,687fa8577a1d900001dcc506,541110,,,,,,,,,
9 King's Bench Walk,9 King's Bench Walk,37,http://www.9kbw.com,London,England,EC4Y 7DX,"9 Kings Bench Walk, London, England, United Kingdom, EC4Y 7DX",'+44 20 7353 9564,687fa8577a1d900001dcc4ed,54111,,,,,,,,,
Colman Coyle,Colman Coyle,38,http://www.colmancoyle.com,London,England,N1 0NU,"80 Upper Street, London, England, United Kingdom, N1 0NU",'+44 20 7354 3000,687fa88164e3b00001964d36,54111,,,,,,,,,
Woodfords Solicitors LLP,Woodfords Solicitors,25,http://www.woodfords.co.uk,London,England,SW6 4QP,"11 Harwood Road, London, England, United Kingdom, SW6 4QP",'+44 20 7731 0750,687fa88164e3b00001964d2a,54111,,,,,,,,,
Markand & Co Solicitors LLP,Markand & Co Solicitors,23,http://www.markandsolicitors.co.uk,London,England,E7 0HA,"6 Woodford Road, London, England, United Kingdom, E7 0HA",'+44 20 8470 1422,687fa8956066d10001f0f6f6,541110,,,,,,,,,
Maina & Maina advocates,Maina & Maina advocates,40,,London,,W1K 7PJ,"London, United Kingdom, W1K 7PJ",,687fa8f4d7236b00018ff516,,,,,,,,,,
Francis Wilks & Jones,Francis Wilks & Jones,32,http://www.franciswilksandjones.co.uk,London,England,EC1R 5HL,"6 Coldbath Square, London, England, United Kingdom, EC1R 5HL",'+44 20 7841 0390,687fa8f4d7236b00018ff524,541110,,,,,,,,,
"2 Hare Court, Chambers of Jonathan Laidlaw KC",2 Hare Court Chambers of Jonathan Laidlaw KC,88,http://www.2harecourt.com,London,England,EC4Y 7BH,"2 Hare Court, London, England, United Kingdom, EC4Y 7BH",'+44 20 7353 5324,687fa8f4d7236b00018ff52e,54111,,,,,,,,,
JPC,JPC,57,http://www.jpclaw.co.uk,London,England,NW6 4BT,"252 Belsize Road, London, England, United Kingdom, NW6 4BT",'+44 20 7625 4424,687fa8f5d7236b00018ff5cb,541110,,,,,,,,,
G37 Chambers,G37 Chambers,29,http://www.g37chambers.com,London,England,EC4Y 7AR,"6 Pump Court, London, England, United Kingdom, EC4Y 7AR",'+44 20 3457 0169,687fa8f5d7236b00018ff5be,541110,,,,,,,,,
Levenes Solicitors,Levenes Solicitors,63,http://www.levenes.co.uk,London,England,N22 8HF,"235 High Road, London, England, United Kingdom, N22 8HF",'+44 80 0048 2355,687fa8f5d7236b00018ff5bc,541110,,,,,,,,,
Lawstop,Lawstop,77,http://www.lawstop.co.uk,London,England,W6 7JP,"174 Hammersmith Road, London, England, United Kingdom, W6 7JP",'+44 20 8150 2588,687fa8f5d7236b00018ff5b8,541110,,,,,,,,,
Central Chambers Law Solicitors,Central Chambers Law Solicitors,41,http://www.centralchamberslaw.com,London,England,W5 2,"Central Chambers, London, England, United Kingdom, W5 2",'+44 20 3620 2288,687fa8f5d7236b00018ff5b9,541110,,,,,,,,,
BDBF LLP,BDBF,37,http://www.bdbf.co.uk,London,England,EC2V 8BB,"36 King Street, London, England, United Kingdom, EC2V 8BB",'+44 20 3828 0350,687fa9071e8abc00010d508b,54111,,,,,,,,,
New Square Chambers,New Square Chambers,67,http://www.newsquarechambers.co.uk,London,England,WC2A 3SW,"12 New Square, London, England, United Kingdom, WC2A 3SW",'+44 20 7419 8000,687fa9071e8abc00010d508a,54111,,,,,,,,,
Comptons Solicitors LLP,Comptons Solicitors,34,http://www.comptons.co.uk,London,England,NW1 7AN,"90 Parkway, London, England, United Kingdom, NW1 7AN",'+44 20 7485 0888,687fa9071e8abc00010d50aa,541110,,,,,,,,,
SHADFORTH PHARMACEUTICAL COMPANY LIMITED,SHADFORTH PHARMACEUTICAL COMPANY,27,,London,England,,"London, England, United Kingdom",,687fa9071e8abc00010d50a5,,,,,,,,,,
Malik & Malik Solicitors,Malik & Malik Solicitors,22,http://www.malikandmalikuk.com,London,England,NW10 2NX,"234 High Road, London, England, United Kingdom, NW10 2NX",'+44 20 8830 3050,687fa9071e8abc00010d5124,541110,,,,,,,,,
Public Law Project,Public Law Project,38,http://www.publiclawproject.org.uk,London,England,EC1V 7PE,"99 Goswell Road, London, England, United Kingdom, EC1V 7PE",'+44 20 7843 1260,687fa9071e8abc00010d512f,"541110, 813410, 541720",,,,,,,,,
11 New Square,11 New Square,30,http://www.11newsquare.com,London,England,WC2A 3QB,"11 New Square, London, England, United Kingdom, WC2A 3QB",'+44 20 7242 4017,687fa91db252230011348f19,,,,,,,,,,
Advocate,Advocate,24,http://www.weareadvocate.org.uk,London,England,EC4M 7BQ,"Paternoster Square, London, England, United Kingdom, EC4M 7BQ",'+44 20 7092 3960,695be1062871e400016c4c6e,81331,,,,,,,,,
Archor,Archor,25,http://www.archor.co.uk,Langham,England,CO4 5WR,"Park Lane, Langham, England, United Kingdom, CO4 5WR",'+44 120 623 1379,695cc81f7eebdb00017ff4d2,541110,,,,,,,,,
1 Crown Office Row,1 Crown Office Row,110,http://www.1cor.com,London,England,EC4Y 7HH,"1 Crown Office Row, London, England, United Kingdom, EC4Y 7HH",'+44 20 7797 7500,697353c6f91d0e0001f195c0,54111,,,,,,,,,
Olswang - (Now CMS),Olswang,150,,London,,,"London, United Kingdom",,697353c6f91d0e0001f195cb,541110,,,,,,,,,
The 36 Group,The 36 Group,180,http://www.36group.co.uk,London,England,WC1R 5,"2 Field Court, London, England, United Kingdom, WC1R 5",'+44 20 7421 8000,697353c6f91d0e0001f195cc,,,,,,,,,,
Deka Chambers,Deka Chambers,140,http://www.dekachambers.com,London,England,EC4A 1,"5 Norwich Street, London, England, United Kingdom, EC4A 1",'+44 20 7832 0500,697353c6f91d0e0001f195d3,54111,,,,,,,,,
Kidd Rapinet LLP,Kidd Rapinet,120,http://www.kiddrapinet.co.uk,London,England,E14 9GE,"29 Harbour Exchange Square, London, England, United Kingdom, E14 9GE",'+44 162 862 1301,697353e8f91d0e0001f19bd0,541110,,,,,,,,,
Finders International Probate Genealogists,Finders International Probate Genealogists,160,http://www.findersinternational.com,London,England,N1 7RE,"8 Vestry Street, London, England, United Kingdom, N1 7RE",'+44 20 7490 4935,697353e8f91d0e0001f19bd7,"54172, 561611",Pelican Capital (pelicancapital.com),5f3ffe0a7763100001660138,,,,,,,
Farani Taylor Solicitors,Farani Taylor Solicitors,90,http://www.faranitaylor.com,London,England,EC4A 3EB,"1 Red Lion Court, London, England, United Kingdom, EC4A 3EB",'+44 20 7242 1666,697353e8f91d0e0001f19bd8,541110,,,,,,,,,
4-5 Gray's Inn Square,4-5 Gray's Inn Square,140,http://www.4-5.co.uk,London,England,WC1R 5AH,"4 Gray's Inn Square, London, England, United Kingdom, WC1R 5AH",'+44 20 7404 5252,697353e8f91d0e0001f19bdf,541110,,,,,,,,,
4 Pump Court,4 Pump Court,160,http://www.4pumpcourt.com,London,England,EC4Y 7AN,"4 Pump Court, London, England, United Kingdom, EC4Y 7AN",'+44 20 7842 5555,6977723118f44f0001df57c2,54111,,,,,,,,,
Kelmer Group,Kelmer Group,43,http://www.kelmer.com,London,England,EC4V 6AP,"12 Bridewell Place, London, England, United Kingdom, EC4V 6AP",'+44 20 7353 9200,6a425637b2a46200017662b1,"541611, 541211, 541110",,,,,,,,,
Amicus ALJ,Amicus ALJ,85,http://www.amicus-alj.org,London,England,SW5 9AF,"215 Earls Court Road, London, England, United Kingdom, SW5 9AF",'+44 20 7072 5603,6a425637b2a46200017662b3,"54119, 813311, 541110",,,,,,,,,
Safe Passage International,Safe Passage International,47,http://www.safepassage.org.uk,London,England,,"London, England, United Kingdom",'+44 792 874 1723,6a425637b2a46200017662c9,"81321, 813311, 541110, 624110",,,,,,,,,
Fairweather Law,Fairweather Law,34,http://www.fairweatherlaw.co.uk,Framlingham,England,IP13,"Framlingham, England, United Kingdom, IP13",'+44 172 872 4737,6a425637b2a46200017662cb,54111,,,,,,,,,
REDRESS,REDRESS,69,http://www.redress.org,London,England,SE1 0QR,"65 Glasshill Street, London, England, United Kingdom, SE1 0QR",'+44 20 7793 1777,6a425637b2a46200017662d2,"54119, 813311, 541110",,,,,,,,,
Pinsent Masons Vario,Pinsent Masons Vario,200,,London,England,EC2A 4ES,"30 Crown Place, London, England, United Kingdom, EC2A 4ES",'+65 6309 5660,6a425637b2a46200017662d6,,,,,,,,,,
STRIVE,STRIVE,27,http://www.strivetalent.org,London,England,,"London, England, United Kingdom",,63be9f65ded8c500f9716036,"611430, 813990",,,,,,,,,
Temple Garden Chambers,Temple Garden Chambers,76,http://www.tgchambers.com,London,England,EC4Y 7,"Harcourt Buildings, London, England, United Kingdom, EC4Y 7",'+44 20 7583 1315,63d116658e7f6100e3d6e153,541110,,,,,,,,,
Hunters Law LLP,Hunters Law,100,http://www.hunterslaw.com,London,England,WC2A 3,"Newmans Row, London, England, United Kingdom, WC2A 3",'+44 20 7412 0050,63d111dd5f357400e3ff47ba,541110,,,,,,,,,
Osbornes Law,Osbornes Law,200,http://www.osborneslaw.com,London,England,NW1 0,"9 Pratt Street, London, England, United Kingdom, NW1 0",'+44 20 7485 8811,63d1116965d9a800a348d054,541110,,,,,,,,,
Council for Licensed Conveyancers - regulating property and probate lawyers,Council for Licensed Conveyancers,34,http://www.clc-uk.org,London,England,EC2A 1NT,"131 Finsbury Pavement, London, England, United Kingdom, EC2A 1NT",'+44 20 3859 0904,63e220c33064ac008b2819e1,"54111, 92615",,,,,,,,,
Legal Marketing Agency,Legal Marketing Agency,,,London,,,"London, United Kingdom",,63f49b86a2782500dbba9d08,,,,,,,,,,
12 Old Square,12 Old Square,28,http://www.12oldsquare.com,London,,,"London, United Kingdom",'+44 20 7404 0875,645e070bea01160001bba87c,,,,,,,,,,
Corker Binning,Corker Binning,38,http://www.corkerbinning.com,London,England,WC2A 1EN,"38 Chancery Lane, London, England, United Kingdom, WC2A 1EN",020 7353 6000,645e07649249960001c91c70,541110,,,,,,,,,
5 Paper Buildings,5 Paper Buildings,49,http://www.5pb.co.uk,London,England,EC4Y 7EU,"London, England, United Kingdom, EC4Y 7EU",'+44 20 7583 6117,645e07ca297e8e0001239688,541110,,,,,,,,,
Pump Court Tax Chambers,Pump Court Tax Chambers,47,http://www.pumptax.com,London,England,WC1R 4EF,"16 Bedford Row, London, England, United Kingdom, WC1R 4EF",'+44 20 7414 8080,645e07dd0f23dd00011a5233,541110,,,,,,,,,
Bail for Immigration Detainees (BID),Bail for Immigration Detainees,45,http://www.biduk.org,London,England,N4 2LA,"1B Finsbury Park Road, London, England, United Kingdom, N4 2LA",'+44 20 7456 9750,645e0a33b2e6890001eed8cf,"813311, 54111",,,,,,,,,
Briton Solicitors,Briton Solicitors,40,http://www.britainsolicitors.co.uk,London,England,,"London, England, United Kingdom",'+44 20 3475 4545,645e0a9759c02c0001951cf6,,,,,,,,,,
Crawford,Crawford,67,,London,,,"London, United Kingdom",'+1 404-300-1000,645e0a9759c02c0001951cfa,,,,,,,,,,
Malik Law Chambers,Malik Law Chambers,37,http://www.maliklaw.com,London,England,E2 6AB,"233 Bethnal Green Road, London, England, United Kingdom, E2 6AB",'+44 20 7613 5454,645e0ac96ec79e00011c410a,,,,,,,,,,
PEARSON SPECTER LIMITED,PEARSON SPECTER,27,,London,England,,"London, England, United Kingdom",,645e0ac96ec79e00011c410c,,,,,,,,,,
Teacher Stern LLP,Teacher Stern,110,http://www.teacherstern.com,London,England,WC1R 4JH,"37 Bedford Row, London, England, United Kingdom, WC1R 4JH",'+44 20 7242 3191,64e894c37a8ea400d151e487,541110,,,,,,,,,
A Y & J Solicitors,A Y & J Solicitors,41,http://www.ayjsolicitors.com,London,England,WC1R 5,"330 High Holborn, London, England, United Kingdom, WC1R 5",'+44 20 7404 7933,6526532ddc029600016a91ab,541110,,,,,,,,,
Keller Postman UK Limited,Keller Postman UK,,http://www.kellerpostman.co.uk,London,England,WC2A 1DD,"79 Chancery Lane, London, England, United Kingdom, WC2A 1DD",,65266bf85a97e90001e34078,,,,,,,,,,
The Visa Office,The Visa Office,28,http://www.visa-office.com,London,England,WC2E 7PP,"8 Tavistock Street, London, England, United Kingdom, WC2E 7PP",'+44 20 7836 8505,652671e44bf123000133154f,541199,,,,,,,,,
vLex Global Markets,vLex Global Markets,29,http://www.vlex.com,London,England,,"London, England, United Kingdom",,6526745c0a53850001a2ecb6,,,,,,,,,,
Joelson,Joelson,80,http://www.joelsonlaw.com,London,England,W1W 6,"30 Portland Place, London, England, United Kingdom, W1W 6",'+44 20 7580 5721,65d8bc3a96bb5f0001e7dcde,541110,,,,,,,,,
National Legal Service Solicitors,National Legal Service Solicitors,130,http://www.nationallegalservice.co.uk,London,England,EC3R 6HD,"3 Lower Thames Street, London, England, United Kingdom, EC3R 6HD",'+44 20 3601 5051,65d8bc3a96bb5f0001e7dcf9,,,,,,,,,,
TV Edwards Solicitors LLP,TV Edwards Solicitors,110,http://www.tvedwards.com,London,England,E1 4,"37 Mile End Road, London, England, United Kingdom, E1 4",'+44 20 7790 7000,65d8bc4724f6810001c3ddc7,541110,,,,,,,,,
5 Pump Court Chambers,5 Pump Court Chambers,54,http://www.5pumpcourt.com,London,England,EC4Y 7AP,"5 Pump Court, London, England, United Kingdom, EC4Y 7AP",'+44 20 7353 2532,66191e5a7f8c5f0001d913e5,"541110, 541199",,,,,,,,,
Deighton Pierce Glynn Ltd,Deighton Pierce Glynn,60,http://www.dpglaw.co.uk,London,,,"London, United Kingdom",'+44 20 7407 0007,66191e94f44ee900019eb078,,,,,,,,,,
Alchemmy,Alchemmy,74,http://www.alchemmy.com,London,,,"London, United Kingdom",'+44 20 7112 8651,661cec731aa6900007357e4f,"541611, 541512",,,,,,,,,
ICC FraudNet,ICC FraudNet,85,http://www.iccfraudnet.org,London,England,E1W 1PN,"26 Wapping High Street, London, England, United Kingdom, E1W 1PN",'+44 20 7423 6960,668e80d843a41b0001089cfc,"541110, 561611",,,,,,,,,
CHRISTODOULOS G. VASSILIADES & CO. LLC,CHRISTODOULOS G. VASSILIADES &,33,http://www.vasslaw.com,London,England,W1K 4QX,"35 Grosvenor Street, London, England, United Kingdom, W1K 4QX",'+357 22 556677,668e80f8843c5e000196ab1b,54111,,,,,,,,,
Coram Children's Legal Centre,Coram Children's Legal Centre,39,http://www.childrenslegalcentre.com,London,England,WC1N 1AX,"40 Brunswick Square, London, England, United Kingdom, WC1N 1AX",,668e81109715f80001d9450d,"81321, 541110, 813410",,,,,,,,,
Juno,Juno,130,http://www.juno.legal,London,,,"London, United Kingdom",'+44 20 3856 3339,668e81109715f80001d94511,54111,,,,,,,,,
JD Spicer Zeb,JD Spicer Zeb,43,http://www.jdspicer.co.uk,London,,,"London, United Kingdom",'+44 121 614 3333,668e81109715f80001d94517,541110,,,,,,,,,
EWS,EWS,28,http://www.ewswater.com,London,,,"London, United Kingdom",'+1 303-254-6641,668e811a16a99300018961e1,33299,,,,,,,,,
Thompson & Co Solicitors,Thompson & Co Solicitors,42,http://www.thompsonlaw.co.uk,London,England,EC2R 8AL,"1 Royal Exchange Avenue, London, England, United Kingdom, EC2R 8AL",'+44 20 8767 5005,668e811a16a99300018961f7,541110,,,,,,,,,
Refugee and Migrant Forum of Essex & London (RAMFEL),Refugee and Migrant Forum of Essex & London,,,London,England,E15 2QF,"80 High Street, London, England, United Kingdom, E15 2QF",,668e811a16a99300018961fb,,,,,,,,,,
The Legal,The Legal,78,http://www.thelegal.pro,London,,,"London, United Kingdom",,668e811a16a9930001896200,54111,,,,,,,,,
STRIVE,STRIVE,27,http://www.strivetalent.org,London,England,,"London, England, United Kingdom",,668e81584447c70001bd2d40,"611430, 813990",,,,,,,,,
Carter Lemon Camerons LLP,Carter Lemon Camerons,42,http://www.cartercamerons.com,London,,,"London, United Kingdom",'+44 20 7406 1000,6791fe443a6bfd0001a50f0c,54111,,,,,,,,,
Riseam Sharples,Riseam Sharples,46,http://www.riseamsharples.com,London,,,"London, United Kingdom",'+44 20 7836 9555,6791fe443a6bfd0001a50f1e,54111,,,,,,,,,
FREEMANS SOLICITORS,FREEMANS SOLICITORS,64,http://www.freemanssolicitors.net,London,,,"London, United Kingdom",'+44 20 7935 3522,6791fe443a6bfd0001a50f21,54111,Mogers Drewett Solicitors (mogersdrewett.com),556db2e6736964120f6c7e01,,,,,,,
Hughes Fowler Carruthers,Hughes Fowler Carruthers,36,http://www.hfclaw.com,London,,,"London, United Kingdom",'+44 20 7421 8383,6791fe443a6bfd0001a50f2c,54111,,,,,,,,,
Wilsons Solicitors London,Wilsons Solicitors London,87,http://www.wilsonllp.co.uk,London,,,"London, United Kingdom",'+44 20 8808 7535,6791fe443a6bfd0001a50f38,541110,,,,,,,,,
Tanfield Chambers,Tanfield Chambers,92,http://www.tanfieldchambers.co.uk,London,,,"London, United Kingdom",'+44 20 7421 5300,6791fe453a6bfd0001a50fa7,54111,,,,,,,,,
Stann,Stann,28,http://www.stann.com,London,,,"London, United Kingdom",'+44 20 7781 0130,6791fe453a6bfd0001a50fb7,541110,,,,,,,,,
Northman & Sterling,Northman & Sterling,45,http://www.northmansterling.com,London,England,,"London, England, United Kingdom",'+44 20 3205 7010,6791fe453a6bfd0001a50fbd,54161,,,,,,,,,
The Chartered Institute of Patent Attorneys,The Chartered Institute of Patent Attorneys,58,http://www.cipa.org.uk,London,,,"London, United Kingdom",'+44 20 7405 9450,6791fe453a6bfd0001a50fd0,54111,,,,,,,,,
Londonium Solicitors,Londonium Solicitors,35,http://www.londoniumsolicitors.co.uk,London,,,"London, United Kingdom",'+44 20 7377 5055,6791fe6ead37a30001523075,,,,,,,,,,
BULLIVANT LAW LIMITED,BULLIVANT LAW,63,,London,England,,"London, England, United Kingdom",,6791fe6ead37a30001523076,,,,,,,,,,
Royds Llp,Royds,36,,London,England,,"London, England, United Kingdom",,6791fe6ead37a30001523078,,,,,,,,,,
Law and Lawyers LTD,Law and Lawyers,90,http://www.lawandlawyers.co.uk,London,England,E12 6PH,"352 High Street North, London, England, United Kingdom, E12 6PH",'+44 20 8586 5657,6791fe6ead37a30001523081,54111,,,,,,,,,
South Westminster Legal Advice Centre,South Westminster Legal Advice Centre,30,http://www.swlac.org,London,England,,"London, England, United Kingdom",,6791fe6ead37a30001523084,"541110, 813410",,,,,,,,,
Henderson Chambers,Henderson Chambers,76,http://www.hendersonchambers.co.uk,London,England,EC4Y 9,"Inner Temple, London, England, United Kingdom, EC4Y 9",'+44 20 7583 9020,687fa8136ef4650001c36829,541110,,,,,,,,,
Gannons,Gannons,20,http://www.gannons.co.uk,London,England,WC1R 4,"21 Jockey's Fields, London, England, United Kingdom, WC1R 4",'+44 20 7438 1060,687fa8136ef4650001c36818,54111,,,,,,,,,
Hamlins LLP,Hamlins,110,http://www.hamlins.com,London,England,WC2B 6AN,"1 Kingsway, London, England, United Kingdom, WC2B 6AN",'+44 20 7355 6000,687fa8136ef4650001c36813,54111,,,,,,,,,
Bowling & Co Solicitors,Bowling & Co Solicitors,50,http://www.bowlinglaw.co.uk,London,England,E15 1,"62 Broadway, London, England, United Kingdom, E15 1",'+44 20 8221 8000,687fa8146ef4650001c368b7,54111,,,,,,,,,
AK LAW,AK LAW,24,http://www.ak-law.co.uk,London,England,W5 2AB,"7 Spring Bridge Mews, London, England, United Kingdom, W5 2AB",'+44 20 8280 0810,687fa8146ef4650001c368c0,,,,,,,,,,
Moore SGD Law,Moore SGD Law,29,http://www.mooresgdlaw.com,London,England,W1U 2HA,"38 Wigmore Street, London, England, United Kingdom, W1U 2HA",'+44 20 4582 1000,687fa8146ef4650001c368bd,541110,Moore Kingston Smith (mooreks.co.uk),57c4ad72a6da98688799de1e,,,,,,,
Monckton Chambers,Monckton Chambers,93,http://www.monckton.com,London,England,WC1R 5NR,"1 Raymond Buildings, London, England, United Kingdom, WC1R 5NR",'+44 20 7405 7211,687fa839cf702a0001dc2294,541110,,,,,,,,,
4 King’s Bench Walk (4KBW),4 King’s Bench Walk,53,http://www.4kbw.co.uk,London,England,EC4Y 7DL,"4 Kings Bench Walk, London, England, United Kingdom, EC4Y 7DL",'+44 20 7822 7000,687fa8577a1d900001dcc44e,541110,,,,,,,,,
Dawson Cornwell,Dawson Cornwell,68,http://www.dawsoncornwell.com,London,England,WC1V 7QH,"11 Staple Inn, London, England, United Kingdom, WC1V 7QH",'+44 20 7242 2556,687fa8577a1d900001dcc475,54111,,,,,,,,,
Northridge,Northridge,53,http://www.northridgelaw.com,London,England,EC1A 7,"89 Bartholomew Close, London, England, United Kingdom, EC1A 7",'+44 20 3957 8800,687fa8577a1d900001dcc4eb,54111,,,,,,,,,
CANDEY,CANDEY,50,http://www.candey.com,London,England,WC2A 3NN,"9 Stone Buildings, London, England, United Kingdom, WC2A 3NN",'+44 20 3370 8888,687fa8577a1d900001dcc519,54111,,,,,,,,,
Bond Solon Training,Bond Solon Training,61,http://www.bondsolon.com,London,England,EC3A 3,"77 Leadenhall Street, London, England, United Kingdom, EC3A 3",'+44 20 7549 2549,687fa88164e3b00001964d3e,611430,,,,,,,,,
Radiant Law,Radiant Law,74,http://www.radiantlaw.com,London,England,EC3V 3NG,"36 Cornhill, London, England, United Kingdom, EC3V 3NG",'+44 20 3865 1200,687fa88164e3b00001964d49,541110,,,,,,,,,
IK-IP Ltd,IK-IP,21,http://www.ik-ip.com,London,England,SE1 1JA,"201 Borough High Street, London, England, United Kingdom, SE1 1JA",'+44 20 3805 7765,687fa8956066d10001f0f70e,,,,,,,,,,
Legis Chambers,Legis Chambers,26,http://www.legischambers.com,London,England,EC1A 2BP,"25 Holborn Viaduct, London, England, United Kingdom, EC1A 2BP",'+44 20 7096 4207,687fa8c62a959f000108ea28,,,,,,,,,,
Protopapas LLP,Protopapas,22,http://www.protopapas.co.uk,London,England,W1T 7,"180 Tottenham Court Road, London, England, United Kingdom, W1T 7",'+44 20 7636 2100,687fa8f4d7236b00018ff519,54111,,,,,,,,,
Lamb Building,Lamb Building,62,http://www.lambbuilding.co.uk,London,England,EC4Y 7AS,"Temple, London, England, United Kingdom, EC4Y 7AS",'+44 20 7797 7788,687fa8f5d7236b00018ff5a5,54111,,,,,,,,,
Westkin Associates,Westkin Associates,35,http://www.westkinassociates.com,London,England,W1S 1,"1 Maddox Street, London, England, United Kingdom, W1S 1",'+44 20 7118 8005,687fa8f5d7236b00018ff5bd,"54119, 541110",,,,,,,,,
S. A. J Legal,S. A. J Legal,22,http://www.saj.legal,London,England,EC4Y 1,"107 Fleet Street, London, England, United Kingdom, EC4Y 1",'+44 798 290 7984,687fa8f5d7236b00018ff5c5,541110,,,,,,,,,
Heirloom Fair Legal,Heirloom Fair Legal,24,http://www.heirloomfairlegal.com,London,England,,"London, England, United Kingdom",'+44 20 8058 7485,687fa8f5d7236b00018ff5b3,"541110, 523999",,,,,,,,,
Tatham & Co,Tatham,22,http://www.tathamlaw.com,London,England,EC3N 1LS,"150 Minories, London, England, United Kingdom, EC3N 1LS",'+44 20 7929 0268,687fa8f5d7236b00018ff5a3,54111,,,,,,,,,
"EBR ATTRIDGE LLP | One of the Largest Expert Criminal Defence Lawyers in London, South-East & Essex",EBR ATTRIDGE,47,http://www.ebrattridge.com,London,England,N17 9JB,"430 High Road, London, England, United Kingdom, N17 9JB",'+44 20 8808 0774,687fa9071e8abc00010d5095,541110,,,,,,,,,
Leadenhall Law Group,Leadenhall Law Group,57,http://www.leadenhalllawgroup.co.uk,London,England,EC3M 1AE,"4 Eastcheap, London, England, United Kingdom, EC3M 1AE",'+44 160 362 1722,687fa9071e8abc00010d5097,541110,,,,,,,,,
Old Bailey Solicitors,Old Bailey Solicitors,32,http://www.oblaw.co.uk,London,England,EC1A 7,"15 Old Bailey, London, England, United Kingdom, EC1A 7",'+44 20 7846 4999,687fa9071e8abc00010d5123,541110,,,,,,,,,
YVA Solicitors,YVA Solicitors,35,http://www.yvasolicitors.com,London,England,N12 9,"811 High Road, London, England, United Kingdom, N12 9",'+44 20 8445 9898,687fa9071e8abc00010d512e,54111,,,,,,,,,
Queen Mary Law Society,Queen Mary Law Society,35,http://www.queenmarylawsociety.com,London,England,E1 4,"Mile End Road, London, England, United Kingdom, E1 4",,687fa9071e8abc00010d5135,61131,,,,,,,,,
Reviewed & Cleared,Reviewed & Cleared,32,http://www.reviewedandcleared.com,London,England,W1T 1,"22 Percy Street, London, England, United Kingdom, W1T 1",'+44 20 3086 7708,687fa9071e8abc00010d5139,54111,,,,,,,,,
SEO London Corporate Law,SEO London Corporate Law,56,,London,England,SE1 2JE,"Queen Elizabeth Street, London, England, United Kingdom, SE1 2JE",,687fa91db252230011348f15,"611430, 813990",,,,,,,,,
Leasehold Advisory Service (LEASE),Leasehold Advisory Service,47,http://www.lease-advice.org,London,England,EC4Y 8AP,"8 Salisbury Square, London, England, United Kingdom, EC4Y 8AP",'+44 20 7832 2500,687fa91cb252230011348f09,,,,,,,,,,
Nexus Legal Recruitment,Nexus Legal Recruitment,25,http://www.nexuslegalrecruitment.com,London,England,EC2M 5,"London Wall, London, England, United Kingdom, EC2M 5",'+44 20 3984 6565,687fa91db252230011348f10,"54161, 561311",,,,,,,,,
aosphere,aosphere,90,http://www.aosphere.com,London,England,E1 6FQ,"12 Steward Street, London, England, United Kingdom, E1 6FQ",'+44 20 3088 0000,687fa91cb252230011348f0b,54169,,,,,,,,,
Prettys,Prettys,80,http://www.prettys.co.uk,,England,IP1 1LL,"1 Cutler Street, England, United Kingdom, IP1 1LL",'+44 147 323 2121,68be9deec40c2b001976a9b0,541110,,,,,,,,,
Old Square Chambers,Old Square Chambers,78,http://www.oldsquare.co.uk,London,England,WC1R 4BU,"10 Bedford Row, London, England, United Kingdom, WC1R 4BU",'+44 20 7269 0300,6970b9aa711c840001d3f275,54111,,,,,,,,,
Birkett Long,Birkett Long,73,http://www.birkettlong.co.uk,,England,CO4 9YQ,"200 The Crescent, England, United Kingdom, CO4 9YQ",'+44 120 621 7300,6970b9ab711c840001d3f31f,,Knights (knightsplc.com),5592035073696418fb3c1700,,,,,,,
Wallace LLP,Wallace,130,http://www.wallace.co.uk,London,England,W1T 3JF,"27 Mortimer Street, London, England, United Kingdom, W1T 3JF",'+44 20 7636 4422,697353c6f91d0e0001f195c6,541110,,,,,,,,,
Three Crowns LLP,Three Crowns,170,http://www.threecrownsllp.com,London,England,EC1N 6,"25 Charterhouse Street, London, England, United Kingdom, EC1N 6",'+44 20 3530 7999,697353c6f91d0e0001f195ce,541110,,,,,,,,,
Quadrant Chambers,Quadrant Chambers,140,http://www.quadrantchambers.com,London,England,EC4Y 9AA,"10 Fleet Street, London, England, United Kingdom, EC4Y 9AA",'+44 20 7583 4444,697353c6f91d0e0001f195d1,541110,,,,,,,,,
Private Client Systems,Private Client,120,http://www.privateclientsystems.co.uk,Harlow,England,,"Harlow, England, United Kingdom",,697353e8f91d0e0001f19bde,,,,,,,,,,
Ackroyd Legal,Ackroyd Legal,160,http://www.ackroydlegal.com,London,England,E1 1LP,"60 Commercial Road, London, England, United Kingdom, E1 1LP",'+44 20 3058 3365,697353e8f91d0e0001f19be1,541110,,,,,,,,,
Sheltons Group,Sheltons Group,50,http://www.sheltonsgroup.com,London,England,SW1E 6,"105 Victoria Street, London, England, United Kingdom, SW1E 6",'+44 20 3897 4888,6a425637b2a46200017662bc,"541211, 541110",,,,,,,,,
The Honourable Society of the Middle Temple,The Honourable Society of the Middle Temple,100,http://www.middletemple.org.uk,London,England,EC4Y 7AH,"2 Middle Temple Lane, London, England, United Kingdom, EC4Y 7AH",'+44 20 7427 4800,6a425637b2a46200017662be,"541110, 611430",,,,,,,,,
Crypto Legal,Crypto Legal,200,http://www.cryptolegal.it,London,England,SW19 7NF,"Wimbledon Hill Road, London, England, United Kingdom, SW19 7NF",,6a425637b2a46200017662c6,54111,,,,,,,,,
Release,Release,66,http://www.release.org.uk,London,England,E1 8AN,"61 Mansell Street, London, England, United Kingdom, E1 8AN",'+44 20 7324 2989,6a425637b2a46200017662cc,"54169, 813410, 541110",,,,,,,,,
"Queensbury: Legal Services, Project Management & Business Advisory Support",Queensbury,26,http://www.thequeensburygroup.com,London,England,SW1E 5BY,"11 Bressenden Place, London, England, United Kingdom, SW1E 5BY",'+44 20 7096 2041,6a425637b2a46200017662d0,"541110, 541611",,,,,,,,,
Clintons,Clintons,130,http://www.clintons.co.uk,London,England,WC2H 9,"25 Drury Lane, London, England, United Kingdom, WC2H 9",'+44 20 7379 6080,63beae24b4ddac00e4f8dfc0,54111,,,,,,,,,
Serle Court,Serle Court,91,http://www.serlecourt.co.uk,London,England,WC2A 3QS,"6 New Square, London, England, United Kingdom, WC2A 3QS",'+44 20 7242 6105,63be9f2d9cfbe800cb7b03fb,541110,,,,,,,,,
Outer Temple Chambers,Outer Temple Chambers,150,http://www.outertemple.com,London,England,WC2R 1BA,"222 Strand, London, England, United Kingdom, WC2R 1BA",'+44 20 7353 6381,63be9f3220093f00e3769fd4,541110,,,,,,,,,
Simkins,Simkins,89,http://www.simkins.com,London,England,WC1H 9,"7-12 Tavistock Square, London, England, United Kingdom, WC1H 9",'+44 20 7907 3000,62cad3b66b63bd0001d98304,54111,,,,,,,,,
Konexo,Konexo,190,,London,England,E17 3HU,"1 Wood Street, London, England, United Kingdom, E17 3HU",,63d10247b72cb300fb268c22,,,,,,,,,,
"County - Enforcement, Security & Technical Protester Removal Specialists",County,28,http://www.countyuk.com,London,England,W1K 3QT,"50 Grosvenor Hill, London, England, United Kingdom, W1K 3QT",'+44 20 3886 1024,63d104ad5ffaa100a3c81e4f,"561612, 56121",,,,,,,,,
Sackers,Sackers,100,http://www.sackers.com,London,England,EC4M 7JR,"29 Ludgate Hill, London, England, United Kingdom, EC4M 7JR",'+44 20 7329 6699,62cad3c66b63bd0001d9a13a,54111,,,,,,,,,
RIAA Barker Gillette (UK) LLP,RIAA Barker Gillette,43,,London,England,W1G 0PJ,"18 Cavendish Square, London, England, United Kingdom, W1G 0PJ",,63e224affed19500a48c1de1,541110,,,,,,,,,
Brandsmiths,Brandsmiths,58,http://www.brandsmiths.co.uk,London,England,E1 8BU,"19 Hooper Street, London, England, United Kingdom, E1 8BU",'+44 20 3709 8957,63e22ee5085b4700a30d07ab,54111,,,,,,,,,
RightHub,RightHub,51,http://www.righthub.com,London,England,,"London, England, United Kingdom",'+45 53 53 97 54,63f49bd9a2782500a3bbc499,54133,Anaqua (anaqua.com),54a1272369702d8eebfaaa00,,,,,,,
Beck Greener LLP,Beck Greener,52,http://www.beckgreener.com,London,England,WC1V 6HZ,"14 Fulwood Place, London, England, United Kingdom, WC1V 6HZ",'+44 20 7693 5600,645e07ca297e8e0001239681,54111,,,,,,,,,
Charles Lyndon,Charles Lyndon,21,http://www.charleslyndon.com,London,England,EC3M 1,"22 Eastcheap, London, England, United Kingdom, EC3M 1",0207 058 0050,645e07f2ddafc00001f0a265,54111,,,,,,,,,
LSESU Law Society,LSESU Law Society,27,http://www.lsesulawsoc.com,London,,,"London, United Kingdom",'+44 20 7107 5232,645e0a33b2e6890001eed8d0,61131,,,,,,,,,
MTG SOLICITORS,MTG SOLICITORS,38,http://www.mtgsolicitors.com,London,England,W5 2RJ,"22 Uxbridge Road, London, England, United Kingdom, W5 2RJ",'+44 20 3026 2548,645e0a71b6b2d400019d71b2,541110,,,,,,,,,
MAPS Medical,MAPS Medical,39,http://www.maps-medical.co.uk,London,England,NW9 6TD,"333 Edgware Road, London, England, United Kingdom, NW9 6TD",'+44 20 8420 6363,652661f92d8d860001401589,"54133, 541199",,,,,,,,,
Bishopsgate Law,Bishopsgate Law,200,http://www.bishopsgatelaw.com,London,England,EC2M 3,"99 Bishopsgate, London, England, United Kingdom, EC2M 3",'+44 17 0724 6100,65266e54bf577c0001652460,541110,,,,,,,,,
Anexsys Ltd,Anexsys,26,http://www.anexsys.com,London,England,EC1R 3BP,"58 Farringdon Road, London, England, United Kingdom, EC1R 3BP",'+44 20 3217 0300,65266f8e5c9f7b00018fd200,,Consilio LLC (consilio.com),5d34104ca3ae6139cfb7412d,,,,,,,
Lamb Chambers,Lamb Chambers,68,http://www.lambchambers.co.uk,London,England,EC4Y 7,"Middle Temple, London, England, United Kingdom, EC4Y 7",'+44 20 7797 8300,6526709427a2a50001c29dc2,541110,,,,,,,,,
Beck Fitzgerald,Beck Fitzgerald,31,http://www.beckfitzgerald.co.uk,London,England,,"London, England, United Kingdom",020 7101 3090,6538cd0a4100ef00d0330527,541110,,,,,,,,,
Rocket Lawyer UK,Rocket Lawyer UK,17,http://www.rocketlawyer.co.uk,London,England,,"London, England, United Kingdom",'+1 877-881-0947,653f924926cc5f0001c04f85,,,,,,,,,,
Scott-Moncrieff & Associates Ltd,Scott-Moncrieff & Associates,55,http://www.scomo.com,London,England,NW5 1LB,"19 Greenwood Place, London, England, United Kingdom, NW5 1LB",'+44 20 7485 5588,653f9a54f28f4e00013134ad,541110,,,,,,,,,
W H Matthews & Co Solicitors,W H Matthews & Co Solicitors,23,http://www.whmatthews.com,London,,,"London, United Kingdom",'+44 20 8642 6677,653f9b2429609500a331a97a,541110,,,,,,,,,
Legend Solicitors,Legend Solicitors,31,http://www.legendsolicitors.org,London,England,E6 2JG,"2 Heigham Road, London, England, United Kingdom, E6 2JG",'+44 20 3130 1769,653f9b2429609500a331a97e,541110,,,,,,,,,
Marlin Hawk,Marlin Hawk,53,http://www.marlinhawk.com,London,England,EC2N 2DL,"10 Throgmorton Avenue, London, England, United Kingdom, EC2N 2DL",'+44 20 7786 6000,65dc73327caefc0001cbc8ee,54161,,,,,,,,,
Farewill,Farewill,48,http://www.farewill.com,London,England,N1 5,"27 Downham Road, London, England, United Kingdom, N1 5",'+44 20 8050 2686,65e1d43343728c0001bc2339,"54111, 541199, 812210",Dignity Group (dignityfunerals.co.uk),55f7a99ef3e5bb6401001bbf,,,,,,,
The Burnside Partnership,The Burnside Partnership,30,http://www.theburnsidepartnership.com,London,England,SW1Y 4,"22 Regent Street, London, England, United Kingdom, SW1Y 4",'+44 186 598 7781,66191e5a7f8c5f0001d913fc,541110,The Partnership (formerly M3 Effect),556948a973696421352e2b00,,,,,,,
"De Pinna LLP, Notaries",De Pinna LLP Notaries,69,http://www.depinna.com,London,England,SW1Y 4,"11a Regent Street, London, England, United Kingdom, SW1Y 4",'+44 20 7208 2900,66191edae2cfa40001a35ae2,54111,,,,,,,,,
WorkPermitCloud Ltd.,WorkPermitCloud,33,http://www.workpermitcloud.co.uk,London,,,"London, United Kingdom",'+44 20 8087 2343,66191edae2cfa40001a35ae6,54119,,,,,,,,,
amicable divorce,amicable divorce,75,http://www.amicable.io,London,England,SW14 8AE,"119 Sheen Lane, London, England, United Kingdom, SW14 8AE",'+44 20 3004 4695,661ced5a4785500007b7e4ef,541110,Octopus (octopusgroup.com),5a9ef955a6da98d9a8daf609,,,,,,,
7 King's Bench Walk,7 King's Bench Walk,92,http://www.7kbw.co.uk,London,,,"London, United Kingdom",'+44 20 7910 8300,665db3ec3c94840001294c35,541110,,,,,,,,,
Portner Law Limited,Portner Law,24,http://www.portner.co.uk,London,,,"London, United Kingdom",'+44 20 7616 5300,668e80d843a41b0001089cf8,541110,Judge & Priestley (judge-priestley.co.uk),54a1340869702d2f9f3b2e00,,,,,,,
Creighton & Partners,Creighton,43,http://www.creighton.co.uk,London,,,"London, United Kingdom",'+44 20 7976 2233,668e80d843a41b0001089d09,54111,,,,,,,,,
Devereux Chambers,Devereux Chambers,,,London,England,WC2R 1,"9 Devereux Court, London, England, United Kingdom, WC2R 1",'+44 20 7353 7534,668e80d943a41b0001089d70,,,,,,,,,,
Curzon Green Solicitors,Curzon Green Solicitors,38,http://www.curzongreen.co.uk,London,England,EC3M 8AA,"7 Philpot Lane, London, England, United Kingdom, EC3M 8AA",'+44 14 9445 1355,668e80f8843c5e000196ab1f,54111,,,,,,,,,
Mary Ward Legal Centre,Mary Ward Legal Centre,23,http://www.marywardlegal.org.uk,London,,,"London, United Kingdom",'+44 20 7831 7079,668e81109715f80001d9451f,54111,,,,,,,,,
ILFA,ILFA,29,http://www.ilfaafrica.com,London,England,NW4 2,"Sentinel Square, London, England, United Kingdom, NW4 2",,668e81109715f80001d94521,"54111, 813920, 611430",,,,,,,,,
JPA International Legal Services,JPA International Legal Services,35,http://www.jpalegal.com,London,,,"London, United Kingdom",'+30 21 0729 8700,668e81119715f80001d94572,54111,,,,,,,,,
AllAboutLaw,AllAboutLaw,,,London,,,"London, United Kingdom",,668e81119715f80001d94577,,,,,,,,,,
Great James Street Chambers,Great James Street Chambers,47,http://www.greatjames.co.uk,London,England,EC4M 7AN,"20 Old Bailey, London, England, United Kingdom, EC4M 7AN",'+44 20 7440 4949,668e811a16a99300018961e3,541110,,,,,,,,,
Crucible,Crucible,31,http://www.crucible.law,London,,,"London, United Kingdom",'+44 20 7031 5310,668e811a16a99300018961fd,541110,,,,,,,,,
Combar - The Commercial Bar Association,Combar,60,http://www.combar.com,London,,,"London, United Kingdom",'+44 20 7427 4932,668e81584447c70001bd2d18,,,,,,,,,,
Freedom Law Clinic,Freedom Law Clinic,31,http://www.freedomlawclinic.org,London,,,"London, United Kingdom",'+44 20 7183 0795,668e81584447c70001bd2d1b,"61131, 541110, 611430",,,,,,,,,
FinLegal,FinLegal,37,http://www.finlegal.io,London,England,W1J 0AH,"Vine Street, London, England, United Kingdom, W1J 0AH",'+44 20 3488 2707,668e81584447c70001bd2d2b,513210,,,,,,,,,
Vyman Solicitors,Vyman Solicitors,51,http://www.vyman.co.uk,London,,,"London, United Kingdom",'+44 20 8427 9080,66f66839aa68c40001c1ec9d,54111,,,,,,,,,
Fentons Solicitors LLP,Fentons Solicitors,32,,London,,,"London, United Kingdom",,6791fe443a6bfd0001a50f0d,541110,,,,,,,,,
DKLM LLP,DKLM,61,http://www.dklm.co.uk,London,,,"London, United Kingdom",'+44 20 7549 7888,6791fe443a6bfd0001a50f1a,54111,,,,,,,,,
5 St Andrew's Hill,5 St Andrew's Hill,98,http://www.5sah.co.uk,London,,,"London, United Kingdom",'+44 20 7332 5400,6791fe443a6bfd0001a50f22,541110,,,,,,,,,
Saville & Co. Scrivener Notaries,Saville & Co. Scrivener Notaries,27,http://www.savillenotaries.com,London,,,"London, United Kingdom",'+44 20 7776 9800,6791fe443a6bfd0001a50f24,54111,,,,,,,,,
Accutrainee Limited,Accutrainee,20,http://www.accutrainee.com,London,,,"London, United Kingdom",'+44 20 7040 0973,6791fe443a6bfd0001a50f27,54111,,,,,,,,,
Coram Chambers,Coram Chambers,97,http://www.coramchambers.co.uk,London,,,"London, United Kingdom",'+44 20 7092 3700,6791fe443a6bfd0001a50f29,541110,,,,,,,,,
Legal Business Minds,Legal Business Minds,4,http://www.legalbusinessminds.com,London,,,"London, United Kingdom",,6791fe453a6bfd0001a50fad,"54111, 51621",,,,,,,,,
Lewis Nedas Law,Lewis Nedas Law,56,http://www.lewisnedas.co.uk,London,,,"London, United Kingdom",020 4572 1313,6791fe453a6bfd0001a50fc1,541110,,,,,,,,,
Jaffa & Co,Jaffa,23,http://www.jaffa-co.com,London,England,,"London, England, United Kingdom",'+44 20 7846 0341,6791fe453a6bfd0001a50fc3,541110,,,,,,,,,
Level,Level,62,http://www.level.law,London,,,"London, United Kingdom",'+44 20 3865 1000,6791fe453a6bfd0001a50fc5,54111,,,,,,,,,
DL,DL,31,http://www.dascanioleshi.com,London,,,"London, United Kingdom",,6791fe6ead37a3000152307a,,,,,,,,,,
Prospect Law,Prospect Law,26,http://www.prospectlaw.co.uk,London,England,W1J 6,"23 Berkeley Square, London, England, United Kingdom, W1J 6",'+44 20 7947 5354,687fa8136ef4650001c36815,541110,,,,,,,,,
Enyo Law LLP,Enyo Law,82,http://www.enyolaw.com,London,England,EC4Y 0AH,"1 Tudor Street, London, England, United Kingdom, EC4Y 0AH",'+44 20 3837 1700,687fa8136ef4650001c36827,,,,,,,,,,
Zaiwalla & Co,Zaiwalla,21,http://www.zaiwalla.co.uk,London,England,WC2A 1,"126 Chancery Lane, London, England, United Kingdom, WC2A 1",'+44 20 7312 1000,687fa8136ef4650001c36810,541110,,,,,,,,,
Humphries Kerstetter LLP,Humphries Kerstetter,25,http://www.humphrieskerstetter.com,London,England,EC4Y 1DG,"92 Fleet Street, London, England, United Kingdom, EC4Y 1DG",'+44 20 7632 6900,687fa8136ef4650001c36824,541110,,,,,,,,,
Town Legal LLP,Town Legal,66,http://www.townlegal.com,London,England,EC2N 2DL,"10 Throgmorton Avenue, London, England, United Kingdom, EC2N 2DL",'+44 20 3893 0370,687fa839cf702a0001dc2293,54111,,,,,,,,,
Memery Crystal,Memery Crystal,37,http://www.memerycrystal.com,London,England,EC4Y 1,"166 Fleet Street, London, England, United Kingdom, EC4Y 1",'+44 20 7242 5905,687fa839cf702a0001dc229c,541110,RBG Holdings plc (rbgholdings.co.uk),61ec7eaedb84560001a5a891,,,,,,,
Masters Legal Costs Services LLP,Masters Legal Costs Services,39,http://www.masters-legal.co.uk,London,England,EC2M 4HD,"3 New Street, London, England, United Kingdom, EC2M 4HD",'+44 20 7256 3620,687fa839cf702a0001dc229a,54111,,,,,,,,,
JFH Law,JFH Law,23,http://www.jfhlaw.co.uk,London,England,NW1 0,"7b Bayham Street, London, England, United Kingdom, NW1 0",'+44 20 7388 1658,687fa839cf702a0001dc2290,541110,,,,,,,,,
Manches - see Penningtons Manches LLP,Manches,69,http://www.penningtons.co.uk,London,England,SE22 0LR,"238 Peckham Rye, London, England, United Kingdom, SE22 0LR",'+44 12 5640 7100,687fa83acf702a0001dc233a,541110,,,,,,,,,
3 Hare Court Chambers,3 Hare Court Chambers,63,http://www.3harecourt.com,London,England,EC4Y 7BJ,"3 Hare Court, London, England, United Kingdom, EC4Y 7BJ",'+44 20 7415 7800,687fa83acf702a0001dc2332,54111,,,,,,,,,
Albertson Solicitors,Albertson Solicitors,17,http://www.albertson.law,London,England,WC2A 3UE,"14 Old Square, London, England, United Kingdom, WC2A 3UE",'+44 20 7078 7363,687fa83acf702a0001dc232a,541110,,,,,,,,,
Ten Old Square,Ten Old Square,33,http://www.tenoldsquare.com,London,England,WC2A 3SU,"10 Old Square, London, England, United Kingdom, WC2A 3SU",'+44 20 7405 0758,687fa8577a1d900001dcc451,541110,,,,,,,,,
Cloisters Chambers,Cloisters Chambers,83,http://www.cloisters.com,London,England,EC4Y 7AB,"1 Pump Court, London, England, United Kingdom, EC4Y 7AB",'+44 20 7827 4000,687fa8577a1d900001dcc457,541110,,,,,,,,,
5RB,5RB,53,http://www.5rb.com,London,England,WC1R 5,"5 Gray's Inn Square, London, England, United Kingdom, WC1R 5",'+44 20 7242 2902,687fa8577a1d900001dcc468,54111,,,,,,,,,
Konexo Legal Resourcing,Konexo Legal Resourcing,40,http://www.konexoglobal.com,London,England,E17 3HU,"1 Wood Street, London, England, United Kingdom, E17 3HU",'+44 20 7919 4500,687fa8577a1d900001dcc511,"541110, 541611",Eversheds Sutherland (eversheds-sutherland.com),5f4794a7b69f3700013f6825,,,,,,,
Harcus Parker Limited,Harcus Parker,41,http://www.harcusparker.co.uk,London,England,WC2R 0,"80 Strand, London, England, United Kingdom, WC2R 0",'+44 20 3995 3900,687fa8577a1d900001dcc4f6,541110,,,,,,,,,
8 New Square Intellectual Property,8 New Square Intellectual Property,30,http://www.8newsquare.co.uk,London,England,WC2A 3QP,"8 New Square, London, England, United Kingdom, WC2A 3QP",'+44 20 7405 4321,687fa88164e3b00001964d40,541110,,,,,,,,,
MORGAN HAS SOLICITORS LTD,MORGAN HAS SOLICITORS,36,http://www.morganhassolicitors.co.uk,London,England,N16 7,"133 Stoke Newington High Street, London, England, United Kingdom, N16 7",'+44 20 7249 1337,687fa88164e3b00001964d25,541110,,,,,,,,,
Stuart Miller Solicitors,Stuart Miller Solicitors,56,http://www.stuartmillersolicitors.co.uk,London,England,N22 8HF,"247 High Road, London, England, United Kingdom, N22 8HF",'+44 20 8888 5225,687fa88164e3b00001964d42,541110,,,,,,,,,
محمد ابوشنب,محمد ابوشنب,37,,London,England,W1K 7,"116 Park Street, London, England, United Kingdom, W1K 7",,687fa88164e3b00001964dc5,541110,,,,,,,,,
LawFirms,LawFirms,20,http://www.lawfirms.co.uk,London,England,,"London, England, United Kingdom",'+44 161 718 2222,687fa8c72a959f000108eab0,,,,,,,,,,
Burlingtons,Burlingtons,44,http://www.burlingtons.group,London,England,W1C 1AX,"5 Stratford Place, London, England, United Kingdom, W1C 1AX",'+44 20 7529 5420,687fa8f4d7236b00018ff510,54111,,,,,,,,,
Farrar's Building,Farrar's Building,77,http://www.farrarsbuilding.co.uk,London,England,,"Middle Temple Lane, London, England, United Kingdom",'+44 20 7583 9241,687fa8f4d7236b00018ff517,541110,,,,,,,,,
"Athenian Sea Carriers, Ltd.",Athenian Sea Carriers,34,,London,England,SW1X 9QX,"192 Sloane Street, London, England, United Kingdom, SW1X 9QX",'+30 21 0683 4875,687fa8f4d7236b00018ff513,,,,,,,,,,
Bellevue Law,Bellevue Law,34,http://www.bellevuelaw.co.uk,London,England,EC1V 0LN,"9 Dallington Street, London, England, United Kingdom, EC1V 0LN",'+44 20 3432 2110,687fa8f5d7236b00018ff5b7,54111,,,,,,,,,
Magrath Sheldrick LLP,Magrath Sheldrick,64,http://www.magrath.co.uk,London,England,WC2A 1LS,"24 Chancery Lane, London, England, United Kingdom, WC2A 1LS",'+44 20 7495 3003,687fa9071e8abc00010d50a8,541110,,,,,,,,,
LegalEdge,LegalEdge,71,http://www.legaledge.co.uk,London,England,EC2Y 9DT,"1 Fore Street Avenue, London, England, United Kingdom, EC2Y 9DT",'+44 20 3086 8909,687fa9071e8abc00010d50b3,54111,,,,,,,,,
Cleveland Scott York,Cleveland Scott York,45,http://www.csy-ip.com,London,England,EC4A 1,"5 Norwich Street, London, England, United Kingdom, EC4A 1",'+44 20 3077 3499,687fa9071e8abc00010d5122,541110,,,,,,,,,
Constantine Law,Constantine Law,37,http://www.constantinelaw.co.uk,London,England,SW1Y 4JU,"8 St James's Square, London, England, United Kingdom, SW1Y 4JU",'+44 20 3696 8230,687fa9071e8abc00010d5147,541110,,,,,,,,,
Reiss Edwards,Reiss Edwards,23,http://www.reissedwards.co.uk,London,England,EC2V 7HY,"20 Aldermanbury, London, England, United Kingdom, EC2V 7HY",'+44 20 3744 2797,687fa9071e8abc00010d514c,54111,,,,,,,,,
One Essex Court,One Essex Court,140,http://www.oeclaw.co.uk,London,England,W6 0NN,"1 Essex Court, London, England, United Kingdom, W6 0NN",'+44 20 7583 2000,697353c6f91d0e0001f195c3,541110,,,,,,,,,
Littleton Chambers,Littleton Chambers,110,http://www.littletonchambers.com,London,England,EC4Y 7DL,"4 Kings Bench Walk, London, England, United Kingdom, EC4Y 7DL",'+44 20 7797 8600,697353c6f91d0e0001f195d0,541110,,,,,,,,,
Landmark Chambers,Landmark Chambers,130,http://www.landmarkchambers.co.uk,London,England,EC4A 2HG,"180 Fleet Street, London, England, United Kingdom, EC4A 2HG",'+44 20 7430 1221,697353e8f91d0e0001f19be2,541110,,,,,,,,,
Brick Court Chambers,Brick Court Chambers,140,http://www.brickcourt.co.uk,London,England,WC2R 3,"7 Essex Street, London, England, United Kingdom, WC2R 3",'+44 20 7379 3550,6977723118f44f0001df57cb,54111,,,,,,,,,
Nicholsons Solicitors LLP,Nicholsons Solicitors,40,http://www.nicholsonslaw.com,Lowestoft,England,NR32 1PP,"23 Alexandra Road, Lowestoft, England, United Kingdom, NR32 1PP",'+44 150 253 2300,6a425637b2a46200017662b4,541110,,,,,,,,,
Templar Consultants,Templar Consultants,42,http://www.templarconsultants.com,London,England,WC2A 1HR,"Quality Court, London, England, United Kingdom, WC2A 1HR",'+44 20 7164 6501,6a425637b2a46200017662b7,"541110, 541611",,,,,,,,,
Lauristons,Lauristons,26,http://www.lauristonlawfirm.com,London,England,SW19 7,"53 Wimbledon Hill Road, London, England, United Kingdom, SW19 7",'+44 20 8994 4433,6a425637b2a46200017662bb,541110,,,,,,,,,
Work Rights Centre,Work Rights Centre,24,http://www.workrightscentre.org,London,England,NW10 2JR,"379 High Road, London, England, United Kingdom, NW10 2JR",'+44 300 400 0100,6a425637b2a46200017662bf,"813311, 541110",,,,,,,,,
Essex Court Chambers,Essex Court Chambers,120,http://www.essexcourt.com,London,England,WC2A 3EG,"24 Lincoln's Inn Fields, London, England, United Kingdom, WC2A 3EG",'+44 20 7813 8000,6a425637b2a46200017662c5,541110,,,,,,,,,
London Solicitors,London Solicitors,52,http://www.greymore.com,London,England,EC2N 1HN,"25 Old Broad Street, London, England, United Kingdom, EC2N 1HN",'+44 20 8808 1285,62cad3b76b63bd0001d986b4,541110,,,,,,,,,
MRA Search,MRA Search,81,http://www.mrasearch.co.uk,London,England,EC4R 2RA,"1 College Hill, London, England, United Kingdom, EC4R 2RA",'+44 20 7618 9080,63be9f6ac742c700a3576fe5,561312,,,,,,,,,
Drystone Chambers,Drystone Chambers,63,http://www.drystone.com,London,England,WC1R 4,"35 Bedford Row, London, England, United Kingdom, WC1R 4",'+44 20 7404 1881,645e0a249f342b0001edc178,54111,,,,,,,,,
Islamophobia Response Unit,Islamophobia Response Unit,33,http://www.theiru.org.uk,London,,,"London, United Kingdom",'+44 20 3904 6555,645e0aa2dd1fa700010857e3,"81331, 813410, 624190",,,,,,,,,
HJT Training Ltd,HJT Training,28,http://www.hjt-training.co.uk,London,England,EC4Y 1,"107 Fleet Street, London, England, United Kingdom, EC4Y 1",'+07544164692,653f918cab32d00001d76a3e,"61131, 611430",,,,,,,,,
Farringdon Barristers Chambers,Farringdon Barristers Chambers,34,http://www.farringdon-law.co.uk,London,England,SE1 3TQ,"180 Bermondsey Street, London, England, United Kingdom, SE1 3TQ",,653f924926cc5f0001c04f86,54111,,,,,,,,,
Starck Uberoi Solicitors & Advocates,Starck Uberoi Solicitors & Advocates,40,http://www.starckuberoi.co.uk,London,,,"London, United Kingdom",'+44 20 8840 6640,653f9a54f28f4e000131349c,541110,,,,,,,,,
Lawmatic Solicitors,Lawmatic Solicitors,38,http://www.lawmaticsolicitors.com,London,England,,"London, England, United Kingdom",'+44 20 8077 5079,653f9af429609500a331a811,54111,,,,,,,,,
Keller Postman UK Limited,Keller Postman UK,68,http://www.kpl.co.uk,London,England,WC2A 1DD,"79 Chancery Lane, London, England, United Kingdom, WC2A 1DD",'+44 20 8057 7480,65e1d4031a44c30001ea8630,541110,Legatus Holdings Limited (legatusholdings.co.uk),678cd5ba08522900016ba7a9,,,,,,,
Raedas,Raedas,33,http://www.raedas.com,London,,,"London, United Kingdom",'+44 20 3405 2082,65e843770f4bb60007cff917,,,,,,,,,,
Jalubro,Jalubro,26,http://www.jalubro.com,London,England,,"London, England, United Kingdom",'+44 20 3960 6415,665db33bd160220001871f57,"541611, 541512",,,,,,,,,
Lawfront,Lawfront,86,http://www.lawfront.com,London,,,"London, United Kingdom",'+44 330 111 3131,665db33bd160220001871f7d,541110,,,,,,,,,
Media Defence,Media Defence,24,http://www.mediadefence.org,London,England,WC1R 5,"330 High Holborn, London, England, United Kingdom, WC1R 5",'+44 20 3752 5550,665db3fab4241a0001be3ec5,54119,,,,,,,,,
Sinclair Gibson LLP,Sinclair Gibson,37,http://www.sinclairgibson.com,London,England,WC2A 3AA,"3 Lincoln's Inn Fields, London, England, United Kingdom, WC2A 3AA",'+44 20 7242 9700,668e80d843a41b0001089d10,541110,,,,,,,,,
1 Hare Court,1 Hare Court,58,http://www.1hc.com,London,England,EC4Y 7BE,"1 Hare Court, London, England, United Kingdom, EC4Y 7BE",'+44 20 7797 7070,668e80d843a41b0001089d18,54111,,,,,,,,,
The Society of Construction Law,The Society of Construction Law,29,http://www.scl.org.uk,London,England,WC2H 0AW,"London, England, United Kingdom, WC2H 0AW",'+44 20 7017 5192,668e80f7843c5e000196ab10,"813920, 611430, 561920",,,,,,,,,
Cavendish Legal Group,Cavendish Legal Group,,,London,England,E17 4QH,"Hoe Street, London, England, United Kingdom, E17 4QH",,668e81119715f80001d94569,,,,,,,,,,
UKELA - UK Environmental Law Association,UKELA,70,http://www.ukela.org,London,England,NW4 3,"3 Riverside, London, England, United Kingdom, NW4 3",'+44 20 7832 1111,668e81119715f80001d9456a,"54119, 813410, 561920",,,,,,,,,
A ROOM IN MY HOUSE LIMITED,A ROOM IN MY HOUSE,28,,London,,N2,"London, United Kingdom, N2",,668e811a16a99300018961e0,,,,,,,,,,
European Criminal Bar Association,European Criminal Bar Association,35,http://www.ecba.org,London,England,WC1R 4HD,"25 Bedford Row, London, England, United Kingdom, WC1R 4HD",'+44 20 7067 1536,668e811a16a99300018961e4,"54111, 813920, 813410",,,,,,,,,
ERM Libryo Collaborate,ERM Libryo Collaborate,44,,London,England,EC1V 9,"1 Old Street, London, England, United Kingdom, EC1V 9",,668e811a16a99300018961fc,,,,,,,,,,
IWGB - Independent Workers Union of Great Britain,IWGB,31,http://www.iwgb.org.uk,London,England,N1 9LL,"12 Baron Street, London, England, United Kingdom, N1 9LL",,668e811a16a99300018961fe,813930,,,,,,,,,
Mountford Chambers,Mountford Chambers,62,http://www.mountfordchambers.com,London,,,"London, United Kingdom",'+44 20 7936 6300,6791fe443a6bfd0001a50f0e,54111,,,,,,,,,
Goodman Ray,Goodman Ray,61,http://www.goodmanray.com,London,,,"London, United Kingdom",'+44 20 7608 1227,6791fe443a6bfd0001a50f0f,54111,,,,,,,,,
A4ID - Advocates for International Development,A4ID,32,http://www.a4id.org,London,,,"London, United Kingdom",'+44 20 3752 5514,6791fe443a6bfd0001a50f12,"54111, 813410, 928120",,,,,,,,,
Blackfords LLP,Blackfords,64,http://www.blackfords.com,London,,,"London, United Kingdom",'+44 29 2032 9645,6791fe443a6bfd0001a50f18,541110,,,,,,,,,
Wikborg Rein London,Wikborg Rein London,36,,London,,,"London, United Kingdom",,6791fe443a6bfd0001a50f25,541110,,,,,,,,,
Ignition Law,Ignition Law,46,http://www.ignition.law,London,,,"London, United Kingdom",'+44 20 3432 4020,6791fe443a6bfd0001a50f36,541110,,,,,,,,,
Bark&Co,Bark&Co,40,http://www.barkco.com,London,,,"London, United Kingdom",'+44 20 7353 1990,6791fe453a6bfd0001a50fb4,541110,,,,,,,,,
Junior Lawyers Division,Junior Lawyers Division,26,,London,,,"London, United Kingdom",'+44 20 7242 1222,6791fe453a6bfd0001a50fb8,"611430, 813920",,,,,,,,,
Merali Beedle,Merali Beedle,61,http://www.meralibeedle.com,London,,,"London, United Kingdom",'+44 20 7368 3325,6791fe453a6bfd0001a50fc8,541110,,,,,,,,,
Adam Bernard Solicitors,Adam Bernard Solicitors,64,http://www.adambernards.co.uk,London,,,"London, United Kingdom",'+44 20 7100 2525,6791fe453a6bfd0001a50fca,,,,,,,,,,
9BR Chambers,9BR Chambers,64,http://www.9brchambers.co.uk,London,England,SW19 8EQ,"4 Field Court, London, England, United Kingdom, SW19 8EQ",'+44 20 7489 2727,6791fe453a6bfd0001a50fcb,541110,,,,,,,,,
Chisty Law Chambers,Chisty Law Chambers,86,http://www.chistylawchambers.com,London,,,"London, United Kingdom",311-177-7020,6791fe453a6bfd0001a50fcc,541110,,,,,,,,,
Speechly Bircham,Speechly Bircham,63,http://www.speechlys.com,London,,,"London, United Kingdom",'+44 20 7427 6400,6791fe453a6bfd0001a50fce,54111,,,,,,,,,
Norman H Barnett & Co Solicitors,Norman H Barnett & Co Solicitors,26,http://www.normanhbarnett.co.uk,London,England,E6 2JT,"397 Barking Road, London, England, United Kingdom, E6 2JT",'+44 20 8472 9999,6791fe6ead37a30001523070,54111,,,,,,,,,
Westbrook Law,Westbrook Law,24,http://www.westbrooklaw.co.uk,London,England,E12 6PG,"367 High Street North, London, England, United Kingdom, E12 6PG",'+44 20 8552 2572,6791fe6ead37a30001523086,,,,,,,,,,
Family Law in Partnership,Family Law in Partnership,53,http://www.flip.co.uk,London,England,WC2B 4,"46 Aldwych, London, England, United Kingdom, WC2B 4",'+44 20 7420 5000,687fa8136ef4650001c3683b,54111,,,,,,,,,
Atkin Chambers,Atkin Chambers,76,http://www.atkinchambers.com,London,England,NW11 7AL,"8 South Square, London, England, United Kingdom, NW11 7AL",'+44 20 7404 0102,687fa8136ef4650001c3683a,54111,,,,,,,,,
NEC Contracts®,NEC Contracts®,24,http://www.neccontract.com,London,England,SW1P 3AA,"1 Great George Street, London, England, United Kingdom, SW1P 3AA",'+44 20 7665 2446,687fa8136ef4650001c36828,541330,,,,,,,,,
Child & Child,Child & Child,91,http://www.childandchild.co.uk,London,England,SW1X 7EA,"21 Grosvenor Place, London, England, United Kingdom, SW1X 7EA",'+44 20 7235 8000,687fa8136ef4650001c3682f,54111,,,,,,,,,
Howe and Co,Howe and Co,25,http://www.howe.co.uk,London,England,W5 2BS,"40 Uxbridge Road, London, England, United Kingdom, W5 2BS",'+44 20 8840 4688,687fa8136ef4650001c36839,541110,,,,,,,,,
Radcliffe Chambers,Radcliffe Chambers,89,http://www.radcliffechambers.com,London,England,WC2A 3QB,"11 New Square, London, England, United Kingdom, WC2A 3QB",'+44 20 7831 0081,687fa839cf702a0001dc22a4,54111,,,,,,,,,
Francis Taylor Building,Francis Taylor Building,76,http://www.ftbchambers.co.uk,London,England,EC4Y 7BY,"Inner Temple, London, England, United Kingdom, EC4Y 7BY",,687fa839cf702a0001dc22a9,541110,,,,,,,,,
Mackrell International Legal Network,Mackrell International Legal Network,23,http://www.mackrell.net,London,England,WC2N 4JS,"60 St Martin's Lane, London, England, United Kingdom, WC2N 4JS",'+44 20 7240 0521,687fa839cf702a0001dc229d,541110,Lester Aldridge (lesteraldridge.com),55696f9e7369642579f02b00,,,,,,,
Hailsham Chambers,Hailsham Chambers,76,http://www.hailshamchambers.com,London,England,EC4Y 7EX,"4 Paper Buildings, London, England, United Kingdom, EC4Y 7EX",'+44 20 7643 5000,687fa839cf702a0001dc2297,54111,,,,,,,,,
Three Stone,Three Stone,39,http://www.threestone.law,London,England,WC2A 3XL,"3 Stone Buildings, London, England, United Kingdom, WC2A 3XL",'+44 20 7242 4937,687fa83acf702a0001dc2341,541110,,,,,,,,,
Muscatt Black Graf LLP,Muscatt Black Graf,27,http://www.muscattblackgraf.com,London,England,W1U,"100 Baker Street, London, England, United Kingdom, W1U",,687fa8577a1d900001dcc46c,541110,,,,,,,,,
South Square,South Square,72,http://www.southsquare.com,London,England,WC1R 5HP,"3 South Square, London, England, United Kingdom, WC1R 5HP",'+44 20 7696 9900,687fa8577a1d900001dcc479,54111,,,,,,,,,
Hickman & Rose,Hickman & Rose,54,http://www.hickmanandrose.co.uk,London,England,EC1M 4DS,"33 St John's Square, London, England, United Kingdom, EC1M 4DS",'+44 20 7702 5331,687fa8577a1d900001dcc463,541110,,,,,,,,,
Specters Solicitors,Specters Solicitors,31,http://www.specters.co.uk,London,England,EC1M 5UL,"49 Britton Street, London, England, United Kingdom, EC1M 5UL",'+44 300 303 3629,687fa88164e3b00001964d35,54111,,,,,,,,,
HCO,HCO,49,http://www.hco.legal,London,England,EC3N 3AX,"6 Lloyd's Avenue, London, England, United Kingdom, EC3N 3AX",'+44 20 3751 2386,687fa88164e3b00001964d47,541110,,,,,,,,,
The Law Corner,The Law Corner,21,http://www.thelawcorner.org.uk,London,England,NW1 1,"1 Ossulston Street, London, England, United Kingdom, NW1 1",,687fa88164e3b00001964dc4,54111,,,,,,,,,
Gold Jennings Solicitors,Gold Jennings Solicitors,23,http://www.goldjennings.co.uk,London,England,EC1V 4JP,"11 Jerusalem Passage, London, England, United Kingdom, EC1V 4JP",'+44 20 8445 9268,687fa8afcafe940001ecec91,541110,,,,,,,,,
ILPA - Immigration Law Practitioners'​ Association,ILPA,28,http://www.ilpa.org.uk,London,England,EC1M 6JN,"40 Charterhouse Street, London, England, United Kingdom, EC1M 6JN",'+44 20 7251 8383,687fa8c62a959f000108ea15,,,,,,,,,,
ReFly,ReFly,36,http://www.refly.org,London,,,"London, United Kingdom",,687fa8c72a959f000108eaba,54111,,,,,,,,,
Maples Teesdale LLP,Maples Teesdale,80,http://www.maplesteesdale.co.uk,London,England,EC2V 8EE,"30 King Street, London, England, United Kingdom, EC2V 8EE",'+44 20 7600 3800,687fa8f4d7236b00018ff514,54111,,,,,,,,,
Bolt Burdon,Bolt Burdon,71,http://www.boltburdon.co.uk,London,England,W1K 6,"Providence House, London, England, United Kingdom, W1K 6",'+44 20 7288 4700,687fa8f4d7236b00018ff50c,541110,,,,,,,,,
"Incorporated Council of Law Reporting for England and Wales (""ICLR"")",Incorporated Council of Law Reporting for England and Wales,53,http://www.iclr.co.uk,London,England,WC2A 1PP,"119 Chancery Lane, London, England, United Kingdom, WC2A 1PP",'+44 20 7242 6471,687fa8f4d7236b00018ff50b,,,,,,,,,,
Rooks Rider Solicitors LLP,Rooks Rider Solicitors,31,http://www.rooksrider.co.uk,London,England,EC4R 2SU,"14 Dowgate Hill, London, England, United Kingdom, EC4R 2SU",'+44 20 7689 7000,687fa8f4d7236b00018ff502,541110,,,,,,,,,
Selborne Chambers,Selborne Chambers,75,http://www.selbornechambers.co.uk,London,England,WC2R 3AA,"10 Essex Street, London, England, United Kingdom, WC2R 3AA",'+44 20 7420 9500,687fa8f4d7236b00018ff50e,54111,,,,,,,,,
CM Murray LLP,CM Murray,35,http://www.cm-murray.com,London,England,EC3V 3NG,"36 Cornhill, London, England, United Kingdom, EC3V 3NG",'+44 20 7933 9133,687fa8f5d7236b00018ff5a8,541110,,,,,,,,,
Sperrin Law,Sperrin Law,23,http://www.sperrinlaw.net,London,England,WC2A 1DD,"79 Chancery Lane, London, England, United Kingdom, WC2A 1DD",'+44 20 3475 5545,687fa8f5d7236b00018ff59f,541110,,,,,,,,,
Fahri LLP,Fahri,58,http://www.fahrillp.com,London,England,N20 9HH,"1268 High Road, London, England, United Kingdom, N20 9HH",'+44 20 3813 8450,687fa8f5d7236b00018ff5b0,54111,,,,,,,,,
Gulbenkian Andonian Solicitors,Gulbenkian Andonian Solicitors,20,http://www.gulbenkian.co.uk,London,England,WC2A 3EG,"29 Lincoln's Inn Fields, London, England, United Kingdom, WC2A 3EG",'+44 20 7269 9590,687fa8f5d7236b00018ff5a7,54111,,,,,,,,,
PERIPATETIC LIMITED,PERIPATETIC,27,,London,England,,"London, England, United Kingdom",,687fa8f5d7236b00018ff5af,,,,,,,,,,
Seladore Legal,Seladore Legal,38,http://www.seladorelegal.com,London,England,WC1R 4EB,"20 Bedford Row, London, England, United Kingdom, WC1R 4EB",'+44 20 3882 2201,687fa8f5d7236b00018ff5bb,541110,,,,,,,,,
Holborn Adams Solicitors,Holborn Adams Solicitors,30,http://www.holbornadams.com,London,,,"London, United Kingdom",'+44 20 7205 2303,687fa8f5d7236b00018ff5c7,541110,,,,,,,,,
CDS Mayfair,CDS Mayfair,33,http://www.cdsmayfair.com,London,England,W1S 2,"32 Old Burlington Street, London, England, United Kingdom, W1S 2",'+44 20 7758 8170,687fa9071e8abc00010d50af,541110,,,,,,,,,
Expatriate Law Ltd,Expatriate Law,24,http://www.expatriatelaw.com,London,England,SW1W 9BJ,"2 Eaton Gate, London, England, United Kingdom, SW1W 9BJ",'+44 20 3096 7169,687fa9071e8abc00010d5099,54111,,,,,,,,,
Trans Legal Clinic,Trans Legal Clinic,19,http://www.translegalclinic.com,London,England,EC4Y 1DH,"88 Fleet Street, London, England, United Kingdom, EC4Y 1DH",'+44 20 7848 1588,687fa9071e8abc00010d5120,54119,,,,,,,,,
Sriharans Solicitors,Sriharans Solicitors,20,http://www.sriharanssolicitors.co.uk,London,England,EC2N 1AR,"125 Old Broad Street, London, England, United Kingdom, EC2N 1AR",'+44 20 3968 5570,687fa9071e8abc00010d5144,541110,,,,,,,,,
Rose Court Chambers,Rose Court Chambers,22,http://www.rosecourtchambers.com,London,,,"London, United Kingdom",'+44 20 3988 7450,687fa91db252230011348f1a,,,,,,,,,,
LegaMart,LegaMart,29,http://www.legamart.com,London,England,W1J 5RL,"29 Farm Street, London, England, United Kingdom, W1J 5RL",'+44 20 8144 4882,687fa91db252230011348f12,"54111, 519290",,,,,,,,,
Oikonomakis Law,Oikonomakis Law,52,http://www.oikonomakislaw.com,London,England,EC2M 3,"100 Bishopsgate, London, England, United Kingdom, EC2M 3",'+357 22 008290,695be0f52871e400016c27a5,541110,,,,,,,,,
Marriott Harrison,Marriott Harrison,100,http://www.marriottharrison.com,London,England,EC2R 8,"80 Cheapside, London, England, United Kingdom, EC2R 8",'+44 20 7209 2000,697353c6f91d0e0001f195c8,54111,,,,,,,,,
Matrix Chambers,Matrix Chambers,130,http://www.matrixlaw.co.uk,London,England,WC1X 8PN,"2 Theobalds Road, London, England, United Kingdom, WC1X 8PN",'+44 20 7404 3447,697353c6f91d0e0001f195ca,541110,,,,,,,,,
Maucher Jenkins,Maucher Jenkins,130,http://www.maucherjenkins.com,London,England,SW1P 1RT,"11 Artillery Row, London, England, United Kingdom, SW1P 1RT",'+44 20 7931 7141,697353e8f91d0e0001f19be5,54111,,,,,,,,,
Brecher LLP,Brecher,110,http://www.brecher.co.uk,London,England,W1K 7DA,"64 North Row, London, England, United Kingdom, W1K 7DA",'+44 20 7563 1000,6977723118f44f0001df57be,541110,,,,,,,,,
Streathers Solicitors,Streathers Solicitors,140,http://www.streathers.co.uk,London,England,W1U 7AL,"44 Baker Street, London, England, United Kingdom, W1U 7AL",'+44 20 7034 4200,6977723118f44f0001df57c0,54111,,,,,,,,,
Hedley May,Hedley May,33,http://www.hedleymay.com,London,,E14 9JY,"8-9 Harbour Exchange Square, London, United Kingdom, E14 9JY",'+44 20 7858 9444,6977723118f44f0001df57c5,54161,,,,,,,,,
Wilberforce Chambers,Wilberforce Chambers,90,http://www.wilberforce.co.uk,London,England,WC2A 3QP,"8 New Square, London, England, United Kingdom, WC2A 3QP",'+44 20 7306 0102,6977723118f44f0001df57c7,541110,,,,,,,,,
Rimkus APAC and EMEA,Rimkus APAC and EMEA,77,,London,England,EC3M 7AW,"40 Lime Street, London, England, United Kingdom, EC3M 7AW",'+1 713-621-3550,6a425637b2a46200017662b2,"541330, 541611",,,,,,,,,
Ignata,Ignata,57,http://www.ignata.com,London,England,W1K 3JE,"60 Grosvenor Street, London, England, United Kingdom, W1K 3JE",'+44 20 3435 7221,6a425637b2a46200017662b9,"561311, 541611",,,,,,,,,
ECB STAR Group,ECB STAR Group,56,http://www.ecbstar.com,London,England,E14 5EY,"25 Churchill Place, London, England, United Kingdom, E14 5EY",'+44 20 3369 1000,6a425637b2a46200017662c2,54161,,,,,,,,,
GCE Global,GCE Global,150,http://www.gce.global,London,England,WC2A 2JR,"7 Bell Yard, London, England, United Kingdom, WC2A 2JR",'+44 754 354 3222,6a425637b2a46200017662cd,"541211, 541110, 541611",,,,,,,,,
Ctori Construction Consultants,Ctori Construction Consultants,23,http://www.ctori.com,London,England,NW1 0AG,"85 Bayham Street, London, England, United Kingdom, NW1 0AG",'+44 20 3874 3390,6a425637b2a46200017662cf,"54133, 541611",,,,,,,,,
Naomi Korn Associates,Naomi Korn Associates,21,http://www.naomikorn.com,London,England,N14 7EL,"28 Minchenden Crescent, London, England, United Kingdom, N14 7EL",'+44 20 3475 5122,6a425637b2a46200017662d4,"54169, 541199, 611430",,,,,,,,,
Vocalegal,Vocalegal,25,http://www.vocalegalglobal.com,London,England,N4 3JH,"93 Fonthill Road, London, England, United Kingdom, N4 3JH",'+44 20 3875 6915,6a425637b2a46200017662d5,541930,,,,,,,,,
Corporate Law Solicitors,Corporate Law Solicitors,31,,London,,,"London, United Kingdom",,6a425637b2a46200017662d7,541110,,,,,,,,,
Apostille Service,Apostille Service,56,,London,,,"London, United Kingdom",,6a425637b2a46200017662d8,541199,,,,,,,,,
PromoVeritas,PromoVeritas,63,http://www.promoveritas.com,London,England,,"London, England, United Kingdom",'+44 20 3325 6000,6a425637b2a46200017662d9,"54181, 541613, 541110",,,,,,,,,
Sharper Labs HR and Legal Consultancy,Sharper Labs HR and Legal Consultancy,24,http://www.sharper-labs.com,London,England,NW9 6TD,"333 Edgware Road, London, England, United Kingdom, NW9 6TD",'+44 20 3819 3999,6a425637b2a46200017662db,"541612, 541110, 513210",,,,,,,,,
Sherrards,Sherrards,90,http://www.sherrards.com,London,England,EC4A 3BG,"1 Pemberton Row, London, England, United Kingdom, EC4A 3BG",'+44 20 7478 9010,63be9fa78652f700e331c62e,541110,,,,,,,,,
7BR,7BR,93,http://www.7br.co.uk,London,,,"London, United Kingdom",'+44 20 7242 3555,63bea7b4cf3f3c00a30e3e6f,541110,,,,,,,,,
1GC Family Law,1GC Family Law,91,http://www.1gc.com,London,England,WC2A 3BP,"10 Lincoln's Inn Fields, London, England, United Kingdom, WC2A 3BP",'+44 20 7797 7900,63be9e2c259fb300a3543a6b,54111,,,,,,,,,
Oracle Solicitors,Oracle Solicitors,160,http://www.oraclelawglobal.com,London,England,W2 2DS,"182 Edgware Road, London, England, United Kingdom, W2 2DS",'+44 20 3051 5060,63bea89be057db00cb798d0f,54111,,,,,,,,,
Thomas Cooper LLP,Thomas Cooper,40,http://www.thomascooperlaw.com,London,England,EC2V 8AS,"33 Gutter Lane, London, England, United Kingdom, EC2V 8AS",'+44 20 7457 3000,63be9fa8162b8200e30924ef,54111,,,,,,,,,
UCL Law Society,UCL Law Society,86,http://www.ucllawsoc.com,London,,,"London, United Kingdom",'+44 20 3885 4849,63d11568b91cd900f8eebad9,61131,,,,,,,,,
4 Stone Buildings,4 Stone Buildings,45,http://www.4stonebuildings.com,London,England,WC2A 3XT,"4 Stone Buildings, London, England, United Kingdom, WC2A 3XT",'+44 20 7242 5524,63e22f4907970600a34eb445,541110,,,,,,,,,
33 Bedford Row,33 Bedford Row,140,http://www.33bedfordrow.co.uk,London,England,WC1R 4JH,"33 Bedford Row, London, England, United Kingdom, WC1R 4JH",'+44 20 7242 6476,63f49bc9a2782500a3bbc438,54111,,,,,,,,,
GN Law,GN Law,59,http://www.gnlaw.co.uk,London,England,N12 8,"2A Lodge Lane, London, England, United Kingdom, N12 8",'+44 20 8492 2290,645e08709b22bb0001c113b7,541110,,,,,,,,,
Five Paper,Five Paper,56,http://www.fivepaper.com,London,England,EC4Y 7HB,"Temple, London, England, United Kingdom, EC4Y 7HB",'+44 20 7815 3200,645e0a0dfac35600014d6789,541110,,,,,,,,,
1MCB Chambers,1MCB Chambers,19,http://www.1mcb.com,London,England,WC2A 1LG,"5 Chancery Lane, London, England, United Kingdom, WC2A 1LG",'+44 20 7452 8900,645e0a33b2e6890001eed8d6,541110,,,,,,,,,
PARALAW | A Consilio company,PARALAW,30,http://www.paralaw.co.uk,London,,,"London, United Kingdom",'+44 20 7356 7247,645e0a3f07871d0001d68fd6,"541199, 561312",Consilio LLC (consilio.com),5d34104ca3ae6139cfb7412d,,,,,,,
11 Stone Buildings,11 Stone Buildings,,http://www.11sb.com,London,England,WC2A 3,"New Square, London, England, United Kingdom, WC2A 3",,645e0a497dcbd6000128d4b0,,,,,,,,,,
Refugee and Migrant Forum of Essex & London (RAMFEL),Refugee and Migrant Forum of Essex & London,34,http://www.ramfel.org.uk,London,England,SE20 7,"80 High Street, London, England, United Kingdom, SE20 7",,645e0a9759c02c0001951cf1,62419,,,,,,,,,
Marten Walsh Cherer,Marten Walsh Cherer,34,http://www.martenwalshcherer.com,London,England,WC2A 1,"7 Chancery Lane, London, England, United Kingdom, WC2A 1",'+44 20 7067 2900,65266d250173e10001586fdf,56111,,,,,,,,,
Statura Group,Statura Group,37,http://www.staturagroup.com,London,England,W1K 4QG,"17 Grosvenor Street, London, England, United Kingdom, W1K 4QG",'+44 20 3909 3610,653f9a54f28f4e00013134aa,"541211, 523991",,,,,,,,,
Complete Projects,Complete Projects,29,http://www.completeprojects.co.uk,London,England,,"London, England, United Kingdom",,653f9a54f28f4e00013134ac,541611,,,,,,,,,
QCL Solicitors,QCL Solicitors,49,http://www.qcl.co.uk,London,England,EC2R 5BJ,"80 Coleman Street, London, England, United Kingdom, EC2R 5BJ",'+44 20 3997 9220,65eee323154acd0007b856a1,,,,,,,,,,
The Death Penalty Project,The Death Penalty Project,27,http://www.deathpenaltyproject.org,London,,,"London, United Kingdom",'+44 20 3206 2748,668e80d843a41b0001089d19,"54119, 541110",,,,,,,,,
JP Legal,JP Legal,110,http://www.j-plegal.com,London,,,"London, United Kingdom",,668e80f8843c5e000196ab3a,54111,,,,,,,,,
The AIRE Centre,The AIRE Centre,27,http://www.airecentre.org,London,England,WC1E 7WX,"London, England, United Kingdom, WC1E 7WX",'+44 20 7831 4276,668e81109715f80001d94502,54119,,,,,,,,,
NatWest Mentor,NatWest Mentor,99,http://www.natwestmentor.co.uk,London,England,EC2M 4,"250 Bishopsgate, London, England, United Kingdom, EC2M 4",'+44 80 0970 9814,668e81109715f80001d94503,"54169, 541612, 541611, 611430",,,,,,,,,
Privada Ltd,Privada,51,http://www.privada.co.uk,London,England,,"London, England, United Kingdom",'+44 20 3778 0455,668e81109715f80001d9451e,,,,,,,,,,
Chan Neill Solicitors,Chan Neill Solicitors,31,http://www.cnsolicitors.com,London,England,EC1M 6HW,"107 Charterhouse Street, London, England, United Kingdom, EC1M 6HW",'+44 20 7253 7781,668e81109715f80001d94523,541110,,,,,,,,,
MALIK LAW ASSOCIATES LTD,MALIK LAW ASSOCIATES,38,,London,England,,"London, England, United Kingdom",,668e81109715f80001d94525,,,,,,,,,,
Hawkish Consulting,Hawkish Consulting,50,http://www.hawkishconsulting.com,London,England,E14 5,"1 Canada Square, London, England, United Kingdom, E14 5",,668e81119715f80001d9455f,541611,,,,,,,,,
Libertas Chambers,Libertas Chambers,33,http://www.libertaschambers.com,London,England,EC4M 7AN,"20 Old Bailey, London, England, United Kingdom, EC4M 7AN",'+44 20 7036 0200,668e81119715f80001d9456b,541110,,,,,,,,,
Across The Board AI,Across The Board AI,2,http://www.acrosstheboard.ai,London,England,SW1W 9SL,"123 Buckingham Palace Road, London, England, United Kingdom, SW1W 9SL",,668e81119715f80001d94578,54169,,,,,,,,,
Themisa,Themisa,1,http://www.themisa.com,London,England,W2 2,"127 Edgware Road, London, England, United Kingdom, W2 2",,668e811a16a99300018961e2,,,,,,,,,,
"GPW, a part of J.S. Held",GPW a part of J.S. Held,47,http://www.gpwltd.com,London,,,"London, United Kingdom",'+44 20 7629 9299,668e811a16a99300018961e5,,J.S. Held LLC (jsheld.com),54a1c1d27468695c821d1a0e,,,,,,,
Wainwright & Cummins Solicitors LLP,Wainwright & Cummins Solicitors,28,http://www.wainwrightcummins.co.uk,London,England,SW2 5SG,"6A Acre Lane, London, England, United Kingdom, SW2 5SG",'+44 20 7095 5700,668e811a16a99300018961e6,541110,,,,,,,,,
"Four Brick Court, Chambers",Four Brick Court Chambers,35,,London,England,EC4Y 9BY,"1 Brick Court, London, England, United Kingdom, EC4Y 9BY",'+44442078323200,668e81584447c70001bd2cb4,541110,,,,,,,,,
University of Westminster Legal Advice Clinic,University of Westminster Legal Advice Clinic,55,http://www.uowlegaladviceclinic.org.uk,London,England,W1W 7BY,"4-12 Little Titchfield Street, London, England, United Kingdom, W1W 7BY",,668e81584447c70001bd2ccd,541110,,,,,,,,,
BVL,BVL,35,http://www.bvl.org.uk,London,,,"London, United Kingdom",,6791fe443a6bfd0001a50f0a,"81321, 813410, 611710",,,,,,,,,
Rosenblatt,Rosenblatt,31,http://www.rosenblatt-law.co.uk,London,,,"London, United Kingdom",'+44 20 7955 0880,6791fe443a6bfd0001a50f19,54111,RBG Holdings plc (rbgholdings.co.uk),61ec7eaedb84560001a5a891,,,,,,,
Caytons - A Gallagher Bassett Company,Caytons,46,http://www.caytonslaw.com,London,,,"London, United Kingdom",'+44 20 7398 7600,6791fe443a6bfd0001a50f1f,54111,,,,,,,,,
Obelisk Support | B Corp Certified,Obelisk Support,41,http://www.obelisksupport.com,London,,,"London, United Kingdom",'+44 20 3417 6590,6791fe443a6bfd0001a50f2a,"541110, 561311",,,,,,,,,
Meaby & Co,Meaby,48,http://www.meaby.co.uk,London,,,"London, United Kingdom",'+44 20 7703 5034,6791fe453a6bfd0001a50fa1,541110,,,,,,,,,
Nicholas & Co Solicitors Ltd,Nicholas & Co Solicitors,29,http://www.nicholassolicitors.com,London,,,"London, United Kingdom",'+44 20 7323 4450,6791fe453a6bfd0001a50fb0,54111,,,,,,,,,
My Inhouse Lawyer,My Inhouse Lawyer,35,http://www.myinhouselawyer.uk,London,,,"London, United Kingdom",'+44 20 7939 3959,6791fe453a6bfd0001a50fb5,541110,,,,,,,,,
Miles & Partners,Miles,65,http://www.milesandpartners.com,London,,,"London, United Kingdom",'+44 20 7426 0400,6791fe453a6bfd0001a50fc0,54111,,,,,,,,,
DJF Solicitors,DJF Solicitors,46,http://www.djfsolicitors.co.uk,London,,,"London, United Kingdom",'+44 20 3504 9138,6791fe453a6bfd0001a50fd2,54111,,,,,,,,,
GDPR,GDPR,23,http://www.gdpr.eu,London,,,"London, United Kingdom",,6791fe6ead37a30001523073,51929,,,,,,,,,
PCB Byrne LLP,PCB Byrne,55,http://www.pcb-byrne.com,London,England,EC2V 8AS,"33 Gutter Lane, London, England, United Kingdom, EC2V 8AS",'+44 20 7831 2691,687fa8136ef4650001c3681b,541110,,,,,,,,,
Stokoe Partnership - leading criminal defence solicitors,Stokoe Partnership,26,http://www.stokoepartnership.com,London,England,WC1V 7QH,"1 Staple Inn, London, England, United Kingdom, WC1V 7QH",'+44 20 3427 5710,687fa8136ef4650001c3683e,54111,,,,,,,,,
Devereux Chambers,Devereux Chambers,78,http://www.devereuxchambers.co.uk,London,England,W1G 6,"1 Devonshire Street, London, England, United Kingdom, W1G 6",'+44 20 7353 7534,687fa8146ef4650001c368d3,541110,,,,,,,,,
12 King's Bench Walk,12 King's Bench Walk,110,http://www.12kbw.co.uk,London,England,EC4Y 7EL,"12 Kings Bench Walk, London, England, United Kingdom, EC4Y 7EL",'+44 20 7583 0811,687fa839cf702a0001dc227f,541110,,,,,,,,,
Jurit LLP - Solicitors,Jurit,20,http://www.jurit.com,London,England,EC3V 9AA,"4 Lombard Street, London, England, United Kingdom, EC3V 9AA",'+44 345 833 9025,687fa83acf702a0001dc2330,541110,,,,,,,,,
Solomon Taylor & Shaw LLP,Solomon Taylor & Shaw,42,http://www.solts.co.uk,London,England,NW3 1,"3 Coach House Yard, London, England, United Kingdom, NW3 1",'+44 20 7431 1912,687fa8577a1d900001dcc461,541110,,,,,,,,,
The International Family Law Group LLP,The International Family Law Group,23,http://www.iflg.uk.com,London,England,EC2V 6ET,"5 Cheapside, London, England, United Kingdom, EC2V 6ET",'+44 20 3178 5668,687fa8577a1d900001dcc46d,54111,,,,,,,,,
Prince Evans Solicitors LLP,Prince Evans Solicitors,44,http://www.prince-evans.co.uk,London,England,W5 2BS,"40 Uxbridge Road, London, England, United Kingdom, W5 2BS",'+44 20 8567 3477,687fa8577a1d900001dcc45d,54111,,,,,,,,,
Russells Solicitors,Russells Solicitors,74,http://www.russells.co.uk,London,England,W1W 6QD,"150 Great Portland Street, London, England, United Kingdom, W1W 6QD",'+44 20 7439 8692,687fa8577a1d900001dcc518,541110,,,,,,,,,
3CS Corporate Solicitors,3CS Corporate Solicitors,43,http://www.3cslondon.com,London,England,EC2R 6EL,"60 Moorgate, London, England, United Kingdom, EC2R 6EL",'+44 20 4516 1260,687fa88164e3b00001964d1b,54111,,,,,,,,,
Rosenblatt Law,Rosenblatt Law,38,http://www.rosenblatt.law,London,England,EC4A 3BT,"3 New Street Square, London, England, United Kingdom, EC4A 3BT",,687fa88164e3b00001964dc6,54111,,,,,,,,,
Whitestone Chambers,Whitestone Chambers,22,http://www.whitestonechambers.com,London,England,EC4Y 9BB,"1 Middle Temple Lane, London, England, United Kingdom, EC4Y 9BB",'+44 20 7760 7611,687fa88164e3b00001964dd4,541110,,,,,,,,,
King's College London Bar and Mooting Society,King's College London Bar and Mooting Society,26,http://www.kclbms.org,London,England,WC2R 2LS,"Strand, London, England, United Kingdom, WC2R 2LS",,687fa8946066d10001f0f656,"81394, 813410, 611430",,,,,,,,,
southgate solicitors,southgate solicitors,23,http://www.southgate.co.uk,London,England,N14 5BP,"47 Chase Side, London, England, United Kingdom, N14 5BP",'+44 20 8004 0065,687fa8946066d10001f0f6f2,541110,,,,,,,,,
Jury O'Shea LLP,Jury O'Shea,130,http://www.juryoshea.com,London,England,EC4Y 8JJ,"21 Whitefriars Street, London, England, United Kingdom, EC4Y 8JJ",'+44 20 3176 4255,687fa8f4d7236b00018ff50d,54111,,,,,,,,,
Cognia Law,Cognia Law,90,http://www.cognialaw.com,London,England,EC3R 8HL,"20 St Dunstans Hill, London, England, United Kingdom, EC3R 8HL",'+44 20 3375 8624,687fa8f4d7236b00018ff507,54111,,,,,,,,,
Harbour,Harbour,25,http://www.harbourlitigationfunding.com,London,England,SW1Y 4BE,"8 Waterloo Place, London, England, United Kingdom, SW1Y 4BE",'+44 20 3829 9320,687fa8f4d7236b00018ff50f,"5231, 523940",,,,,,,,,
W Legal,W Legal,43,http://www.wlegal.co.uk,London,England,WC1R 4PF,"47 Red Lion Street, London, England, United Kingdom, WC1R 4PF",'+44 20 7220 9130,687fa8f4d7236b00018ff529,54111,,,,,,,,,
Trinity International,Trinity International,92,http://www.trinityllp.com,London,England,EC2A 4BT,"30 Crown Place, London, England, United Kingdom, EC2A 4BT",'+44 20 7997 7040,687fa8f4d7236b00018ff52c,54111,,,,,,,,,
Pothecary Witham Weld inc. Haslam & Payne Solicitors,Pothecary Witham Weld inc. Haslam & Payne Solicitors,21,http://www.pwwsolicitors.co.uk,London,England,SW1V 1LP,"84 Eccleston Square, London, England, United Kingdom, SW1V 1LP",'+44 20 7821 8211,687fa8f4d7236b00018ff509,541110,,,,,,,,,
Six Pump Court Chambers,Six Pump Court Chambers,54,http://www.6pumpcourt.co.uk,London,England,EC4Y 7AR,"6 Pump Court, London, England, United Kingdom, EC4Y 7AR",'+44 20 7797 8400,687fa8f4d7236b00018ff50a,,,,,,,,,,
Hanne & Co. Solicitors LLP,Hanne & Co. Solicitors,77,http://www.hanne.co.uk,London,England,SW11 3RS,"112 York Road, London, England, United Kingdom, SW11 3RS",'+44 20 7228 0017,687fa8f5d7236b00018ff5ad,,,,,,,,,,
Mezzle.,Mezzle,81,http://www.mezzlelaw.com,London,England,EC2Y 9DT,"1 Fore Street Avenue, London, England, United Kingdom, EC2Y 9DT",'+44 147 321 1121,687fa8f5d7236b00018ff5b2,541110,,,,,,,,,
Law Lane Solicitors,Law Lane Solicitors,76,http://www.lawlanesolicitors.co.uk,London,England,E15 4,"43 Broadway, London, England, United Kingdom, E15 4",'+44 78 6464 6197,687fa8f5d7236b00018ff59a,541110,,,,,,,,,
Woodcock Law & Notary Public,Woodcock Law & Notary Public,24,http://www.woodcocklaw.co.uk,London,England,E14 5LB,"33 Canada Square, London, England, United Kingdom, E14 5LB",'+44 20 7712 1705,687fa8f5d7236b00018ff5c3,54111,,,,,,,,,
Career Craft Consultants,Career Craft Consultants,22,http://www.careercraftconsultants.co.uk,London,England,EC2M 1,"35 New Broad Street, London, England, United Kingdom, EC2M 1",'+44 84 4589 5956,687fa9071e8abc00010d5093,,,,,,,,,,
Cruickshanks,Cruickshanks,21,http://www.lawco.co.uk,London,England,W1U 2EN,"10 Bentinck Street, London, England, United Kingdom, W1U 2EN",,687fa9071e8abc00010d50a1,,,,,,,,,,
New Media Law LLP,New Media Law,25,http://www.newmedialaw.biz,London,England,W1D 4SH,"51 Frith Street, London, England, United Kingdom, W1D 4SH",'+44 20 7734 9777,687fa9071e8abc00010d5087,541110,,,,,,,,,
The Chartered Institute of Trade Mark Attorneys,The Chartered Institute of Trade Mark Attorneys,40,http://www.citma.org.uk,London,England,WC2R 1BA,"222 Strand, London, England, United Kingdom, WC2R 1BA",'+44 20 7101 6090,687fa9071e8abc00010d5094,"54111, 813920, 611430",,,,,,,,,
Alexander JLO Solicitors,Alexander JLO Solicitors,45,http://www.london-law.co.uk,London,England,E14 9,"Lawn House Close, London, England, United Kingdom, E14 9",'+44 20 7537 7000,687fa9071e8abc00010d50a0,54111,,,,,,,,,
2DRJ Barristers,2DRJ Barristers,39,http://www.2drj.com,London,England,EC4Y 7AX,"1 Doctor Johnsons Buildings, London, England, United Kingdom, EC4Y 7AX",'+44 20 7936 2613,687fa9071e8abc00010d514b,54111,,,,,,,,,
ITN Solicitors,ITN Solicitors,40,http://www.itnsolicitors.com,London,England,EC3R 5AQ,"19 Great Tower Street, London, England, United Kingdom, EC3R 5AQ",'+44 20 3909 8100,687fa9071e8abc00010d512b,541110,,,,,,,,,
Greenberg Traurig London,Greenberg Traurig London,70,,London,England,SE1 9,"32 London Bridge Street, London, England, United Kingdom, SE1 9",'+49 30 700171500,687fa9071e8abc00010d5121,541110,,,,,,,,,
Gough Square Chambers,Gough Square Chambers,33,http://www.goughsq.co.uk,London,England,EC4A 3DE,"6 Gough Square, London, England, United Kingdom, EC4A 3DE",'+44 20 7353 0924,687fa9071e8abc00010d5126,541110,,,,,,,,,
Richmond Chambers Immigration Barristers,Richmond Chambers Immigration Barristers,33,http://www.immigrationbarrister.co.uk,London,England,WC2E 8PS,"London, England, United Kingdom, WC2E 8PS",'+44 20 3617 9173,687fa9071e8abc00010d5125,541110,,,,,,,,,
Burke Niazi Ltd,Burke Niazi,42,http://www.burkeniazi.com,London,England,N7 6NN,"470 Holloway Road, London, England, United Kingdom, N7 6NN",'+44 20 7263 7887,687fa9071e8abc00010d5140,54111,,,,,,,,,
Tessa Gough Associates,Tessa Gough Associates,34,http://www.tessagough.co.uk,London,England,NW3 5BB,"98 Belsize Lane, London, England, United Kingdom, NW3 5BB",'+44 20 7435 9247,687fa91db252230011348f0d,"54169, 541199",handl Group (handlgroup.co.uk),5e55913843ed5d000174b73d,,,,,,,
Twenty Essex,Twenty Essex,97,http://www.twentyessex.com,London,England,WC2R 3AL,"20 Essex Street, London, England, United Kingdom, WC2R 3AL",'+44 20 7842 1200,695be0f42871e400016c2776,541110,,,,,,,,,
Giambrone & Partners International Law Firm,Giambrone International Law Firm,180,http://www.giambronelaw.com,London,England,EC4V 6AP,"12 Bridewell Place, London, England, United Kingdom, EC4V 6AP",'+44 20 7183 9482,697353c6f91d0e0001f195bf,541110,,,,,,,,,
Withers & Rogers,Withers & Rogers,190,http://www.withersrogers.com,London,England,SE1 2,"4 Hays Lane, London, England, United Kingdom, SE1 2",'+44 20 7940 3600,697353c6f91d0e0001f195c1,541110,,,,,,,,,
LPC Advocates,LPC Advocates,22,,London,,,"London, United Kingdom",'+44 20 7090 1500,697353c6f91d0e0001f195c2,54111,,,,,,,,,
Crown Office Chambers,Crown Office Chambers,120,http://www.crownofficechambers.com,London,England,EC4Y 7HJ,"2 Crown Office Row, London, England, United Kingdom, EC4Y 7HJ",'+44 20 7797 8100,697353e8f91d0e0001f19bcc,541110,,,,,,,,,
Morrison De Whyte Law FIrm,Morrison De Whyte Law FIrm,200,http://www.morrisondewhyte.com,London,England,NW8 7PT,"Prince Albert Road, London, England, United Kingdom, NW8 7PT",,697353e8f91d0e0001f19bce,,,,,,,,,,
Pump Court Chambers,Pump Court Chambers,150,http://www.pumpcourtchambers.com,London,England,EC4Y 7AJ,"3 Pump Court, London, England, United Kingdom, EC4Y 7AJ",'+44 20 7353 0711,697353e8f91d0e0001f19bd4,"541110, 541199",,,,,,,,,
Ronald Fletcher Baker LLP,Ronald Fletcher Baker,150,http://www.rfblegal.co.uk,London,England,EC1V 9DR,"326 Old Street, London, England, United Kingdom, EC1V 9DR",'+44 20 7613 1402,697353e8f91d0e0001f19bd6,541110,,,,,,,,,
Support Through Court,Support Through Court,31,http://www.supportthroughcourt.org,London,England,WC2A 2LL,"Strand, London, England, United Kingdom, WC2A 2LL",,697353e8f91d0e0001f19bd9,81331,,,,,,,,,
International Law Association,International Law Association,150,http://www.ila-hq.org,London,England,WC1B 5DR,"17 Russell Square, London, England, United Kingdom, WC1B 5DR",,697353e8f91d0e0001f19bdd,"81393, 813920, 92812",,,,,,,,,
25 Bedford Row,25 Bedford Row,110,http://www.25bedfordrow.com,London,England,WC1R 4HD,"25 Bedford Row, London, England, United Kingdom, WC1R 4HD",'+44 20 7067 1500,697353e8f91d0e0001f19be4,54111,,,,,,,,,
Signature Litigation,Signature Litigation,100,http://www.signaturelitigation.com,London,,,"London, United Kingdom",'+44 20 3818 3500,697718b866bafd000163de87,541110,,,,,,,,,
Collyer Bristow,Collyer Bristow,140,http://www.collyerbristow.com,London,England,EC2V 6AA,"9 Paternoster Row, London, England, United Kingdom, EC2V 6AA",'+44 20 7242 7363,6977723118f44f0001df57bf,541110,,,,,,,,,
3 Verulam Buildings,3 Verulam Buildings,140,http://www.3vb.com,London,England,SW19 8EQ,"4 Field Court, London, England, United Kingdom, SW19 8EQ",'+44 20 7831 8441,6977723118f44f0001df57c1,541110,,,,,,,,,
Boys and Maughan Solicitors,Boys and Maughan Solicitors,180,http://www.boysandmaughan.co.uk,Margate,England,,"Margate, England, United Kingdom",'+44 122 781 3400,6a425637b2a46200017662ae,54111,,,,,,,,,
Homey,Homey,92,http://www.homey.co.uk,London,,,"London, United Kingdom",'+44 20 3965 2525,6a425637b2a46200017662b6,"53121, 51321, 53139",,,,,,,,,
Global BPO,Global BPO,150,http://www.globalbpo.co.uk,London,England,E1 8LG,"66 Royal Mint Street, London, England, United Kingdom, E1 8LG",'+44 20 3858 7777,6a425637b2a46200017662b8,"54111, 561110, 541199",,,,,,,,,
Seddons GSC,Seddons GSC,150,http://www.seddons-gsc.com,London,England,EC1N 6TD,"32 Ely Place, London, England, United Kingdom, EC1N 6TD",'+44 20 7822 2222,6a425637b2a46200017662bd,541110,,,,,,,,,
Environmental Law Foundation,Environmental Law Foundation,29,http://www.elflaw.org,London,England,WC1R 4,"10 Princeton Street, London, England, United Kingdom, WC1R 4",'+44 330 123 0169,6a425637b2a46200017662c7,"54119, 541110, 813990",,,,,,,,,
CSR PROJECTS,CSR PROJECTS,39,http://www.csrprojects.org,London,England,E15 4BQ,"49 Broadway, London, England, United Kingdom, E15 4BQ",,6a425637b2a46200017662d1,"561311, 624190, 541199",,,,,,,,,
Danos Group,Danos Group,54,http://www.thedanosgroup.com,London,England,EC4V 5EH,"5 Ireland Yard, London, England, United Kingdom, EC4V 5EH",'+44 20 7610 6442,6a425637b2a46200017662da,"21311, 561311, 561312, 541611",,,,,,,,,
Healys LLP,Healys,150,http://www.healys.com,London,England,WC1R 4BW,"15 Jockey's Fields, London, England, United Kingdom, WC1R 4BW",'+44 20 7822 4000,63beaefdf1fabd00a398ea35,541110,,,,,,,,,
Cleveland & Co,Cleveland,25,http://www.cleveland-co.com,London,England,SE16 2,"100 Drummond Road, London, England, United Kingdom, SE16 2",'+44 779 959 9913,63be9f6c6294bd0105d11f57,,,,,,,,,,
Ince,Ince,170,http://www.incelaw.com,London,England,E1 7,"Leman Street, London, England, United Kingdom, E1 7",'+44 20 7481 0010,62cad3cb6b63bd0001d9b0d4,54111,Gordon Dadds Group Solicitors (gordondadds.com),5ed56e5c077b590001bff18b,,,,,,,
Bross Bennett,Bross Bennett,29,http://www.brossbennett.co.uk,London,England,N6 5HX,"64A Highgate High Street, London, England, United Kingdom, N6 5HX",'+44 20 8340 0444,62cad3b66b63bd0001d982ef,541110,,,,,,,,,
Gill Jennings & Every LLP,Gill Jennings & Every,130,http://www.gje.com,London,England,EC2M 3AB,"20 Primrose Street, London, England, United Kingdom, EC2M 3AB",'+44 20 7655 8500,63e222f505414b00a385ce9e,54111,,,,,,,,,
42 Bedford Row Barristers,42 Bedford Row Barristers,130,http://www.42br.com,London,England,WC1R 4LL,"42 Bedford Row, London, England, United Kingdom, WC1R 4LL",'+44 20 7831 0222,63e2251afed19500a48c22a2,541110,,,,,,,,,
Kain Knight,Kain Knight,72,http://www.kain-knight.co.uk,London,England,EC2N 2JJ,"Throgmorton Avenue, London, England, United Kingdom, EC2N 2JJ",'+44 12 7975 5552,63e22de4ff9a8400a3f752d3,541110,,,,,,,,,
Edmonds Marshall McMahon,Edmonds Marshall McMahon,42,http://www.emmlegal.com,London,England,EC1A 9BW,"35 Cock Lane, London, England, United Kingdom, EC1A 9BW",'+44 20 7583 8392,645e08709b22bb0001c113af,541110,,,,,,,,,
The IPKat,The IPKat,17,http://www.ipkitten.blogspot.com,London,England,,"London, England, United Kingdom",,645e09dfb2e6890001eed424,"54111, 513120",,,,,,,,,
City Solicitors Horizons,City Solicitors Horizons,50,http://www.citysolicitorshorizons.org,London,England,WC1V 6JF,"18 Hand Court, London, England, United Kingdom, WC1V 6JF",'+44 20 7329 2173,645e0a1964ab70000132ca2e,,,,,,,,,,
GSC Solicitors LLP,GSC Solicitors,27,http://www.gscsolicitors.com,London,England,EC1N 6TD,"31 Ely Place, London, England, United Kingdom, EC1N 6TD",'+44 20 7822 2222,645e0a33b2e6890001eed8d1,,,,,,,,,,
King's College London Pro Bono Society,King's College London Pro Bono Society,30,http://www.kclprobono.org,London,England,,"London, England, United Kingdom",,645e0a5e34eba00001063da7,"61131, 813410",,,,,,,,,
Wordley Partnership,Wordley Partnership,32,http://www.wordleylaw.com,London,England,EC4N 7DA,"5 King William Street, London, England, United Kingdom, EC4N 7DA",'+44 20 3874 2990,645e0a5e34eba00001063da8,541110,,,,,,,,,
Blavo & Co Solicitors,Blavo & Co Solicitors,42,http://www.legalblavo.co.uk,London,England,WC1N 2,"19 John Street, London, England, United Kingdom, WC1N 2",'+44 20 7025 2020,645e0a5e34eba00001063db4,541110,,,,,,,,,
Atlantic Solicitors,Atlantic Solicitors,34,http://www.atlanticsolicitors.com,London,,,"London, United Kingdom",'+44 20 8855 4111,645e0a9759c02c0001951cef,541110,,,,,,,,,
Real People Casting Limited,Real People Casting,55,http://www.realpeople.co.uk,London,England,,"London, England, United Kingdom",'+44 14 1563 2792,645e0ac96ec79e00011c4111,,,,,,,,,,
Kindleworth LLP,Kindleworth,46,http://www.kindleworth.com,London,England,EC1A 7,"90 Bartholomew Close, London, England, United Kingdom, EC1A 7",,653f9a54f28f4e0001313497,"54111, 541611, 518210",,,,,,,,,
FromCounsel,FromCounsel,81,http://www.fromcounsel.com,London,,,"London, United Kingdom",'+44 20 7242 9993,65d8bc3a96bb5f0001e7dcdc,"54111, 51929, 51321",,,,,,,,,
Altlaw eDiscovery,Altlaw eDiscovery,23,http://www.altlaw.co.uk,London,England,N1C 4,"3 Wharf Road, London, England, United Kingdom, N1C 4",'+44 20 7490 1646,65d8bc3a96bb5f0001e7dce9,,,,,,,,,,
Audere International,Audere International,35,http://www.auderegroup.com,London,England,EC4M 8BU,"100 St Paul's Churchyard, London, England, United Kingdom, EC4M 8BU",'+44 20 3965 0333,65dc734d3e24e70001652a01,"54169, 561611, 541611",,,,,,,,,
Anti Trafficking and Labour Exploitation Unit (ATLEU),Anti Trafficking and Labour Exploitation Unit,24,http://www.atleu.org.uk,London,England,SE1 1SD,"39 Union Street, London, England, United Kingdom, SE1 1SD",'+44 20 7700 7311,65dc73b92a4a9d0001d87b6f,54119,,,,,,,,,
Alaco,Alaco,41,http://www.alaco.com,London,England,W2 2ET,"12 Connaught Place, London, England, United Kingdom, W2 2ET",'+44 20 7087 8660,65e1d3d2ca8e4d0001141284,"54169, 561611, 541611",Sigma7 (s7risk.com),62aa13f45191bb00f5e77893,,,,,,,
Burgess Mee Family Law,Burgess Mee Family Law,34,http://www.burgessmee.com,London,England,SW4 0AS,"16 Porteus Place, London, England, United Kingdom, SW4 0AS",'+44 20 3824 9950,65e1d3e62aa21d00019d5c86,541110,,,,,,,,,
RW Blears,RW Blears,22,http://www.blears.com,London,England,SE1 8,"70 Colombo Street, London, England, United Kingdom, SE1 8",'+44 20 3773 5215,66191e6fb6f5410001d2dadb,541110,,,,,,,,,
Legal Services Board,Legal Services Board,63,http://www.legalservicesboard.org.uk,London,England,WC1A 1DE,"12 Dyott Street, London, England, United Kingdom, WC1A 1DE",'+44 20 7271 0050,661ced5a4785500007b7e4f0,92615,,,,,,,,,
Tomes & Partners Ltd.,Tomes,200,http://www.tomespartners.com,London,,,"London, United Kingdom",,6628f0adee8ec30573a5218a,,,,,,,,,,
Cheeswrights LLP,Cheeswrights,26,http://www.cheeswrights.com,London,,,"London, United Kingdom",'+44 20 7623 9477,668e80d843a41b0001089cfa,"54111, 54112, 541930",,,,,,,,,
36 Stone,36 Stone,34,http://www.36stone.co.uk,London,England,WC1R 5EF,"3 Field Court, London, England, United Kingdom, WC1R 5EF",'+1 206-556-3438,668e80d843a41b0001089d05,54111,,,,,,,,,
MSP Organisation,MSP Organisation,,,London,England,W1W 8DH,"27 Eastcastle Street, London, England, United Kingdom, W1W 8DH",'+44 20 7637 5216,668e80d943a41b0001089d67,,,,,,,,,,
"Nexus, Chambers",Nexus Chambers,33,http://www.nexuschambers.com,London,England,WC2A 3QB,"11 New Square, London, England, United Kingdom, WC2A 3QB",'+44 20 7404 1147,668e80d943a41b0001089d7b,541110,,,,,,,,,
Europe Economics,Europe Economics,27,http://www.europe-economics.com,London,,,"London, United Kingdom",'+44 20 3862 9252,668e81109715f80001d9450f,541611,,,,,,,,,
Legal Marketing Agency,Legal Marketing Agency,21,,London,,,"London, United Kingdom",,668e81119715f80001d9455a,541810,,,,,,,,,
London Law Conference,London Law Conference,43,http://www.londonlawconference.com,London,England,SW9 8,"City of London Almshouses, London, England, United Kingdom, SW9 8",,668e81119715f80001d94566,54111,,,,,,,,,
qLegal,qLegal,68,http://www.q-legal.co.uk,London,,,"London, United Kingdom",'+44 333 091 8383,668e81119715f80001d94576,541110,,,,,,,,,
187 Chambers,187 Chambers,62,http://www.187chambers.com,London,England,SW13 9,"Queen Elizabeth Walk, London, England, United Kingdom, SW13 9",'+44 20 7430 7430,668e811a16a99300018961f9,541110,,,,,,,,,
City of London Law Society (CLLS),City of London Law Society,42,http://www.clls.org,London,England,EC4R 2RB,"4 College Hill, London, England, United Kingdom, EC4R 2RB",,668e811a16a99300018961ff,"54111, 813410",,,,,,,,,
Octopus Legacy,Octopus Legacy,110,http://www.octopuslegacy.com,London,,,"London, United Kingdom",'+44 20 4525 3605,668e81584447c70001bd2cae,"62199, 541110, 524210",Octopus (octopusgroup.com),5a9ef955a6da98d9a8daf609,,,,,,,
Global Migrate - International Immigration & Citizenship Law Firm,Global Migrate,92,http://www.global-migrate.com,London,,,"London, United Kingdom",'+44 20 7993 4762,6791fe443a6bfd0001a50f2d,,,,,,,,,,
15 NBS,15 NBS,54,http://www.15nbs.com,London,,,"London, United Kingdom",'+44 20 7842 1900,6791fe443a6bfd0001a50f30,541110,,,,,,,,,
Birnberg Peirce Solicitors,Birnberg Peirce Solicitors,48,http://www.birnbergpeirce.co.uk,London,England,NW1 7HJ,"14 Inverness Street, London, England, United Kingdom, NW1 7HJ",'+44 20 7911 0166,6791fe453a6bfd0001a50fb6,54111,,,,,,,,,
Smith Stone Walters Ltd,Smith Stone Walters,48,http://www.smithstonewalters.com,London,,,"London, United Kingdom",'+44 20 8461 6660,6791fe453a6bfd0001a50fb9,"54119, 541110",,,,,,,,,
City Century,City Century,42,http://www.citycentury.co.uk,London,England,,"London, England, United Kingdom",,6791fe453a6bfd0001a50fc9,"54111, 611710, 611430",,,,,,,,,
SEQUENTUS,SEQUENTUS,25,http://www.sequentus.org,London,,,"London, United Kingdom",'+44 20 3151 8015,6791fe453a6bfd0001a50fd1,54111,,,,,,,,,
1EC Barristers,1EC Barristers,25,http://www.1ec.co.uk,London,,,"London, United Kingdom",'+44 20 7936 3030,6791fe6ead37a3000152306f,,,,,,,,,,
BRITISH BORNEO OIL AND GAS LTD.,BRITISH BORNEO OIL AND GAS,22,,London,England,,"London, England, United Kingdom",,6791fe6ead37a3000152307b,,,,,,,,,,
AFP Bloom LLP,AFP Bloom,20,http://www.afpbloom.com,London,England,WC2A 1,"21 Southampton Buildings, London, England, United Kingdom, WC2A 1",'+44 20 7409 1222,687fa8146ef4650001c368bb,54111,,,,,,,,,
Royds solicitors,Royds solicitors,30,http://www.roydswithyking.com,London,England,EC4V 5,"65 Carter Lane, London, England, United Kingdom, EC4V 5",'+44 186 579 2300,687fa8146ef4650001c368c8,541110,,,,,,,,,
Enterprise Chambers,Enterprise Chambers,66,http://www.enterprisechambers.com,London,England,WC2A 3SR,"9 Old Square, London, England, United Kingdom, WC2A 3SR",'+44 20 7405 9471,687fa839cf702a0001dc2286,54111,,,,,,,,,
Fenwick Elliott LLP,Fenwick Elliott,90,http://www.fenwickelliott.com,London,England,WC2B 4HN,"71 Aldwych, London, England, United Kingdom, WC2B 4HN",'+44 20 7421 1986,687fa83acf702a0001dc2317,,,,,,,,,,
Joseph Hage Aaronson & Bremen LLP,Joseph Hage Aaronson & Bremen,80,http://www.jha.com,London,England,WC1V 7EE,"280 High Holborn, London, England, United Kingdom, WC1V 7EE",'+44 20 7851 8888,687fa83acf702a0001dc233c,54111,,,,,,,,,
North Star Law,North Star Law,30,http://www.northstarlaw.co.uk,London,England,SW1H 9HP,"24 Old Queen Street, London, England, United Kingdom, SW1H 9HP",'+44 20 3355 9610,687fa83acf702a0001dc2325,541110,,,,,,,,,
Quastels,Quastels,83,http://www.quastels.com,London,England,W1U 7BU,"54 Baker Street, London, England, United Kingdom, W1U 7BU",'+44 20 7908 2525,687fa83acf702a0001dc232d,541110,,,,,,,,,
Mackrell LLP,Mackrell,55,http://www.mackrell.com,London,England,WC2R 0BU,"Savoy Hill, London, England, United Kingdom, WC2R 0BU",'+44 20 7240 0521,687fa8577a1d900001dcc467,541110,Lester Aldridge (lesteraldridge.com),55696f9e7369642579f02b00,,,,,,,
4PB,4PB,93,http://www.4pb.com,London,England,EC2V 6,"6 Paternoster Row, London, England, United Kingdom, EC2V 6",'+44 20 7427 5200,687fa8577a1d900001dcc450,541110,,,,,,,,,
BCL Solicitors LLP,BCL Solicitors,64,http://www.bcl.com,London,England,WC2A 3,"53 Lincoln's Inn Fields, London, England, United Kingdom, WC2A 3",2074302277,687fa8577a1d900001dcc4ea,541110,,,,,,,,,
29 Bedford Row,29 Bedford Row,70,http://www.29br.co.uk,London,England,WC1R 4HE,"29 Bedford Row, London, England, United Kingdom, WC1R 4HE",'+44 20 7404 1044,687fa8577a1d900001dcc4f7,541110,,,,,,,,,
Richardson Lissack,Richardson Lissack,22,http://www.richardsonlissack.co.uk,London,England,EC2R 6EJ,"54 Moorgate, London, England, United Kingdom, EC2R 6EJ",'+44 20 3039 3599,687fa88164e3b00001964dc7,541110,,,,,,,,,
MSP Organisation,MSP Organisation,36,http://www.msporganisation.co.uk,London,England,W1W 8DH,"27 Eastcastle Street, London, England, United Kingdom, W1W 8DH",'+44 125 273 3683,687fa88164e3b00001964ddc,"541219, 541214, 611430",,,,,,,,,
MSEB CONTRACTING SERVICES LIMITED,MSEB CONTRACTING SERVICES,23,,London,England,,"London, England, United Kingdom",,687fa8afcafe940001ecec95,,,,,,,,,,
36 Family,36 Family,25,,London,England,WC1R 5,"5 Gray's Inn, London, England, United Kingdom, WC1R 5",,687fa8afcafe940001ecec9a,541110,,,,,,,,,
Human Dignity Trust,Human Dignity Trust,20,http://www.humandignitytrust.org,London,England,WC2A 1HP,"5-9 Chancery Lane, London, England, United Kingdom, WC2A 1HP",'+44 20 7419 3770,687fa8c62a959f000108ea1f,54111,,,,,,,,,
APPEAL,APPEAL,33,http://www.appeal.org.uk,London,England,E2 9DA,"244 Cambridge Heath Road, London, England, United Kingdom, E2 9DA",,687fa8f4d7236b00018ff504,"541110, 813319",,,,,,,,,
Wesley Gryk Solicitors LLP,Wesley Gryk Solicitors,22,http://www.gryklaw.com,London,England,SE1 7AE,"140 Lower Marsh, London, England, United Kingdom, SE1 7AE",'+44 20 7401 6887,687fa8f4d7236b00018ff530,54111,,,,,,,,,
Page White Farrer,Page White Farrer,58,http://www.pagewhite.com,London,England,WC1N 2,"John Street, London, England, United Kingdom, WC1N 2",'+44 20 7831 7929,687fa8f4d7236b00018ff52d,54111,,,,,,,,,
Global Law Experts,Global Law Experts,37,http://www.globallawexperts.com,London,England,EC1V 1AR,"124 City Road, London, England, United Kingdom, EC1V 1AR",'+44 87 0977 1000,687fa8f5d7236b00018ff5ba,,,,,,,,,,
Connaught Law,Connaught Law,22,http://www.connaughtlaw.com,London,England,WC1X 8HR,"34 Gray's Inn Road, London, England, United Kingdom, WC1X 8HR",'+44 20 3909 8399,687fa8f5d7236b00018ff5b6,54111,,,,,,,,,
Ashton Ross Law,Ashton Ross Law,32,http://www.ashtonrosslaw.com,London,England,EC1A 4EN,"16 St Martins le Grand, London, England, United Kingdom, EC1A 4EN",'+44 20 3815 8440,687fa8f5d7236b00018ff5ab,541110,,,,,,,,,
Gordons Partnership,Gordons Partnership,77,http://www.gordonsols.co.uk,London,England,WC1N 3EA,"22 Great James Street, London, England, United Kingdom, WC1N 3EA",'+44 20 7421 9421,687fa9071e8abc00010d5088,541110,,,,,,,,,
Judge Sykes Frixou,Judge Sykes Frixou,40,http://www.judgesykesfrixou.com,London,England,WC2B 6UJ,"23 Kingsway, London, England, United Kingdom, WC2B 6UJ",'+44 20 7379 5114,687fa9071e8abc00010d509e,541110,,,,,,,,,
Breytenbachs Immigration Consultants Ltd,Breytenbachs Immigration Consultants,38,http://www.bic-immigration.com,London,England,EC1A 9DD,"1 Giltspur Street, London, England, United Kingdom, EC1A 9DD",'+44 20 7442 2160,687fa9071e8abc00010d5091,"54119, 541110",,,,,,,,,
Preiskel & Co LLP,Preiskel & Co,42,http://www.preiskel.com,London,England,EC4Y 7DL,"4 Kings Bench Walk, London, England, United Kingdom, EC4Y 7DL",'+44 20 7332 5640,687fa9071e8abc00010d50a6,54111,,,,,,,,,
Bude Nathan Iwanier LLP,Bude Nathan Iwanier,39,http://www.bnilaw.co.uk,London,England,NW11 0QN,"Bridge Lane, London, England, United Kingdom, NW11 0QN",'+44 20 8209 2445,687fa9071e8abc00010d50b5,54111,,,,,,,,,
Auxilio,Auxilio,58,http://www.auxiliouk.com,London,England,SW1W 9BJ,"2 Eaton Gate, London, England, United Kingdom, SW1W 9BJ",'+44 20 7031 9905,687fa9071e8abc00010d513c,"54111, 561110, 541199",,,,,,,,,
Adams Kaye,Adams Kaye,30,http://www.adamskaye.com,London,England,EC3A 7LP,"32 Dukes Place, London, England, United Kingdom, EC3A 7LP",,687fa9071e8abc00010d512a,541110,,,,,,,,,
Arbitra International,Arbitra International,25,http://www.arbitra.co.uk,London,England,EC4M 8BU,"100 St Paul's Churchyard, London, England, United Kingdom, EC4M 8BU",'+44 20 7936 7070,687fa9071e8abc00010d511f,"54111, 541199, 541611",,,,,,,,,
Astraea,Astraea,31,http://www.astraea-group.com,London,England,W1J 7AJ,"7 Down Street, London, England, United Kingdom, W1J 7AJ",'+44 20 8092 8411,687fa9071e8abc00010d5136,541110,,,,,,,,,
The Lawn Co,The Lawn Co,20,,Finchingfield,England,CM7 4JB,"Howe Street, Finchingfield, England, United Kingdom, CM7 4JB",,687fa9071e8abc00010d5127,,,,,,,,,,
City St George's Women in Law Society,City St George's Women in Law Society,44,http://www.citystudents.co.uk,London,England,EC1V 0HB,"Northampton Square, London, England, United Kingdom, EC1V 0HB",'+44 20 7046 0119,687fa9071e8abc00010d514e,"81394, 813410",,,,,,,,,
Fietta LLP,Fietta,22,http://www.fiettalaw.com,London,England,W1T 5HF,"1 Fitzroy Square, London, England, United Kingdom, W1T 5HF",'+44 20 3889 9800,687fa9071e8abc00010d5130,54111,,,,,,,,,
Maitland,Maitland,87,http://www.maitlandchambers.com,London,England,WC2A 3SZ,"7 Stone Buildings, London, England, United Kingdom, WC2A 3SZ",'+44 20 7406 1200,6970b9ab711c840001d3f31e,54111,,,,,,,,,
Fisher Jones Greenwood LLP,Fisher Jones Greenwood,190,http://www.fjg.co.uk,Colchester,England,,"Colchester, England, United Kingdom",'+44 84 5543 5700,697353c6f91d0e0001f195c4,,Blixt Group (blixtgroup.com),603f6994df448700c9871fe1,,,,,,,
Keating Chambers,Keating Chambers,98,http://www.keatingchambers.com,London,England,WC2R 3AA,"15 Essex Street, London, England, United Kingdom, WC2R 3AA",'+44 20 7544 2600,697353c6f91d0e0001f195c5,541110,,,,,,,,,
Simons Muirhead Burton LLP,Simons Muirhead Burton,160,http://www.smb.london,London,England,W1T 1,"87 Newman Street, London, England, United Kingdom, W1T 1",'+44 20 3206 2700,697353c6f91d0e0001f195c7,54111,,,,,,,,,
Bindmans,Bindmans,170,http://www.bindmans.com,London,England,WC1X 0,"236 Gray's Inn Road, London, England, United Kingdom, WC1X 0",'+44 20 7833 4433,697353c6f91d0e0001f195c9,54111,,,,,,,,,
Red Lion Chambers,Red Lion Chambers,120,http://www.redlionchambers.co.uk,London,England,EC4A 3EB,"19 Red Lion Court, London, England, United Kingdom, EC4A 3EB",'+44 20 7520 6000,697353c6f91d0e0001f195cd,"81119, 541110",,,,,,,,,
Fountain Court Chambers,Fountain Court Chambers,120,http://www.fountaincourt.uk,London,England,WC1V 6,"289 High Holborn, London, England, United Kingdom, WC1V 6",'+44 20 7583 3335,697353c6f91d0e0001f195cf,"541110, 541199",,,,,,,,,
Eton Bridge Partners Ltd,Eton Bridge,150,http://www.etonbridgepartners.com,London,England,WC1V 6,"262 High Holborn, London, England, United Kingdom, WC1V 6",'+44 175 330 3600,697353e8f91d0e0001f19bd1,"561312, 541611",Elysian Capital LLP (elysiancapital.com),56d934b2f3e5bb72fb000792,,,,,,,
4 New Square Chambers,4 New Square Chambers,98,http://www.4newsquare.com,London,England,WC2A 3RJ,"4 New Square, London, England, United Kingdom, WC2A 3RJ",'+44 20 7822 2000,697353e8f91d0e0001f19bdc,54111,,,,,,,,,
Beale & Co,Beale,130,http://www.beale-law.com,London,England,EC2N 3AR,"7 Bishopsgate, London, England, United Kingdom, EC2N 3AR",'+44 20 7240 3474,697353e8f91d0e0001f19be0,541110,,,,,,,,,
23ES,23ES,130,http://www.23es.com,London,England,WC1R 5AA,"1 Gray's Inn Square, London, England, United Kingdom, WC1R 5AA",'+44 20 7413 0353,697353e8f91d0e0001f19be3,541110,,,,,,,,,
Abel + Imray,Abel + Imray,110,http://www.abelimray.com,London,England,EC4A 3AG,"20 St Andrew Street, London, England, United Kingdom, EC4A 3AG",'+44 20 7242 9984,6977723118f44f0001df57c3,54111,,,,,,,,,
Flex Legal,Flex Legal,180,http://www.flex.legal,London,England,SE1 3LE,"5 Tanner Street, London, England, United Kingdom, SE1 3LE",'+44 20 3920 8310,6977723118f44f0001df57c9,"54111, 561320, 611430",Mishcon de Reya LLP (mishcon.com),5fb2323fefd28500f694b04f,,,,,,,
SeedLegals,SeedLegals,160,http://www.seedlegals.com,London,England,W1G 8TB,"64 New Cavendish Street, London, England, United Kingdom, W1G 8TB",'+44 20 4587 5701,6977723118f44f0001df57ca,"541110, 513210",,,,,,,,,
Attorney General's Office (UK),Attorney General's Office,130,,London,England,SW1H 9EA,"102 Petty France, London, England, United Kingdom, SW1H 9EA",,6a425637b2a46200017662ba,"921110, 541110",,,,,,,,,
Deacon,Deacon,25,http://www.deaconlegal.com,London,England,EC4V 5BD,"Godliman Street, London, England, United Kingdom, EC4V 5BD",'+44 20 7332 2699,6a425637b2a46200017662c0,"561312, 541611",,,,,,,,,
Justice Defenders,Justice Defenders,110,http://www.justice-defenders.org,London,England,WC1X 8,"13 Gray's Inn Road, London, England, United Kingdom, WC1X 8",'+44 302 440 4577,6a425637b2a46200017662c3,"813311, 541110, 611310",,,,,,,,,
Griffins,Griffins,72,http://www.griffins.net,London,England,WC1H 9HR,"Tavistock Square, London, England, United Kingdom, WC1H 9HR",'+44 20 7554 9600,6a425637b2a46200017662c8,"541211, 541110",,,,,,,,,
